scene_key,candidate_id,scene_xml,selected_foundational_pose,feasible,feasible_pose_count,foundational_pose_count,score,cube_lift,cube_tip_contacts,mean_tip_distance,cube_vel_norm,thumb_x,thumb_y,thumb_len,index_x,index_y,index_len,middle_x,middle_y,middle_len,chosen_ctrl_json
prism1,0,/home/humanoid/Programs/hand/results/phase1/run_20260413_pollard_multiscene_smoke/prism1/generated_mjcf/scene_prism1_tp0d0000p0d0200p0d0000_ip0d0100n0d0123p0d0000_mp0d0100p0d0153p0d0000.xml,prism_y0d0250,False,0.0,1.0,1.1470623278210066,0.022655479373146315,1.0,0.022939725115360993,5.5950995483626704e-11,0.0,0.02,0.0,0.01,-0.0123,0.0,0.01,0.0153,0.0,"[-0.031424231827259064, 1.8103560209274292, -0.7083585262298584, 0.0580633208155632, 1.0099420547485352, 1.0484232902526855, 0.11048292368650436, 1.1215150356292725, 0.9653158187866211]"
prism1,1,/home/humanoid/Programs/hand/results/phase1/run_20260413_pollard_multiscene_smoke/prism1/generated_mjcf/scene_prism1_tp0d0033p0d0145p0d0000_in0d0016n0d0048p0d0099_mp0d0126p0d0208p0d0010.xml,prism_y0d0250,False,0.0,1.0,1.0269216004191453,0.01908643548648852,1.0,0.020551820739759988,8.562193583464049e-10,0.0032870804957149027,0.014474881130332889,0.0,-0.001603336747315302,-0.004781514259193461,0.009906133854665322,0.012559258618412316,0.02080791746361596,0.0010469997951701483,"[-0.031424231827259064, 1.8103560209274292, -0.7083585262298584, 0.0580633208155632, 1.0099420547485352, 1.0484232902526855, 0.11048292368650436, 1.1215150356292725, 0.9653158187866211]"
prism1,2,/home/humanoid/Programs/hand/results/phase1/run_20260413_pollard_multiscene_smoke/prism1/generated_mjcf/scene_prism1_tp0d0104p0d0276p0d0000_ip0d0186n0d0235p0d0055_mp0d0022p0d0240p0d0010.xml,prism_y0d0250,False,0.0,1.0,1.7803117530126715,0.051161941183200284,2.0,0.01895931951165819,5.149583662506814,0.010441738170906437,0.02758048529891677,0.0,0.018577702638101663,-0.023493946192668855,0.005511730714318659,0.002215734894461416,0.024016294136397276,0.0009950692859782007,"[-0.031424231827259064, 1.8103560209274292, -0.7083585262298584, 0.0580633208155632, 1.0099420547485352, 1.0484232902526855, 0.11048292368650436, 1.1215150356292725, 0.9653158187866211]"
prism1,3,/home/humanoid/Programs/hand/results/phase1/run_20260413_pollard_multiscene_smoke/prism1/generated_mjcf/scene_prism1_tn0d0048p0d0181p0d0000_ip0d0010n0d0082p0d0035_mp0d0128p0d0125p0d0119.xml,prism_y0d0250,False,0.0,1.0,1.0762826624757993,0.020813283588181925,1.0,0.026091131551783404,4.667566305473674e-11,-0.004806914627102765,0.018144493308743802,0.0,0.0009827986359895336,-0.008205014047352873,0.003532548277782002,0.012769242675550093,0.012508261302285202,0.011933038458941066,"[-0.031424231827259064, 1.8103560209274292, -0.7083585262298584, 0.0580633208155632, 1.0099420547485352, 1.0484232902526855, 0.11048292368650436, 1.1215150356292725, 0.9653158187866211]"
prism1,4,/home/humanoid/Programs/hand/results/phase1/run_20260413_pollard_multiscene_smoke/prism1/generated_mjcf/scene_prism1_tp0d0115p0d0245p0d0036_ip0d0145n0d0150p0d0000_mp0d0153p0d0159p0d0000.xml,prism_y0d0250,False,0.0,1.0,-0.03401484604256218,2.888314587501384e-14,0.0,0.017007423021786493,6.460433158720552e-16,0.011540048130629522,0.024453007627536674,0.0036110226304275905,0.014522721533702562,-0.014965885824501509,0.0,0.01531572016465796,0.01590850373941742,0.0,"[-0.031424231827259064, 1.8103560209274292, -0.7083585262298584, 0.0580633208155632, 1.0099420547485352, 1.0484232902526855, 0.11048292368650436, 1.1215150356292725, 0.9653158187866211]"
prism1,5,/home/humanoid/Programs/hand/results/phase1/run_20260413_pollard_multiscene_smoke/prism1/generated_mjcf/scene_prism1_tn0d0003p0d0293p0d0104_ip0d0066n0d0106p0d0000_mp0d0123p0d0114p0d0000.xml,prism_y0d0250,False,0.0,1.0,1.1242434012159361,0.022021506729601476,1.0,0.023254667160055725,2.826502775194884e-14,-0.00033995138803706235,0.02934770802437601,0.010417044382949991,0.006587084721017685,-0.010583284062485737,0.0,0.012263200724792723,0.011409869412171198,0.0,"[-0.031424231827259064, 1.8103560209274292, -0.7083585262298584, 0.0580633208155632, 1.0099420547485352, 1.0484232902526855, 0.11048292368650436, 1.1215150356292725, 0.9653158187866211]"
prism1,6,/home/humanoid/Programs/hand/results/phase1/run_20260413_pollard_multiscene_smoke/prism1/generated_mjcf/scene_prism1_tp0d0094p0d0135p0d0030_ip0d0000n0d0043p0d0069_mp0d0037p0d0243p0d0000.xml,prism_y0d0250,False,0.0,1.0,1.4161914625198688,0.029924050551056285,1.0,0.01557515338260325,1.2631273805668054e-11,0.009366584448115015,0.013451782244801112,0.002956491472465019,1.6368245977236087e-05,-0.004316540456318454,0.0068903593797284,0.003744866631830852,0.02433562153945689,0.0,"[-0.031424231827259064, 1.8103560209274292, -0.7083585262298584, 0.0580633208155632, 1.0099420547485352, 1.0484232902526855, 0.11048292368650436, 1.1215150356292725, 0.9653158187866211]"
prism1,7,/home/humanoid/Programs/hand/results/phase1/run_20260413_pollard_multiscene_smoke/prism1/generated_mjcf/scene_prism1_tn0d0039p0d0116p0d0000_ip0d0171n0d0188p0d0000_mp0d0077p0d0081p0d0000.xml,prism_y0d0250,False,0.0,1.0,0.8605838521782709,0.01471628268509885,1.0,0.027243020900047803,6.220301042095196e-13,-0.003933190546904152,0.011606707205476137,0.0,0.017111782486895065,-0.01876458698415006,0.0,0.007709244155716676,0.008064313068222126,0.0,"[-0.031424231827259064, 1.8103560209274292, -0.7083585262298584, 0.0580633208155632, 1.0099420547485352, 1.0484232902526855, 0.11048292368650436, 1.1215150356292725, 0.9653158187866211]"
prism1,8,/home/humanoid/Programs/hand/results/phase1/run_20260413_pollard_multiscene_smoke/prism1/generated_mjcf/scene_prism1_tp0d0019p0d0152p0d0041_ip0d0028n0d0017p0d0000_mp0d0005p0d0184p0d0103.xml,prism_y0d0250,False,0.0,1.0,1.0202267349161034,0.018903842916379653,1.0,0.02070387763600998,7.923443013825485e-08,0.0019279772636844154,0.015168707187654142,0.004127877070952624,0.002788370655237119,-0.0016892853478440526,0.0,0.0005318867096855088,0.018398595636953022,0.010251709273628819,"[-0.031424231827259064, 1.8103560209274292, -0.7083585262298584, 0.0580633208155632, 1.0099420547485352, 1.0484232902526855, 0.11048292368650436, 1.1215150356292725, 0.9653158187866211]"
prism1,9,/home/humanoid/Programs/hand/results/phase1/run_20260413_pollard_multiscene_smoke/prism1/generated_mjcf/scene_prism1_tn0d0014p0d0300p0d0000_ip0d0082n0d0094p0d0119_mp0d0208p0d0143p0d0062.xml,prism_y0d0250,False,0.0,1.0,1.0453729788750452,0.020069067865921487,1.0,0.028522198216099626,5.016100767363646e-14,-0.0014309482868211845,0.03,0.0,0.008205486996377813,-0.009414877151630932,0.011882316125647777,0.02077464819850637,0.014341083343418305,0.006185492287398994,"[-0.031424231827259064, 1.8103560209274292, -0.7083585262298584, 0.0580633208155632, 1.0099420547485352, 1.0484232902526855, 0.11048292368650436, 1.1215150356292725, 0.9653158187866211]"
prism1,10,/home/humanoid/Programs/hand/results/phase1/run_20260413_pollard_multiscene_smoke/prism1/generated_mjcf/scene_prism1_tn0d0001p0d0207p0d0069_ip0d0080n0d0067p0d0051_mp0d0204p0d0061p0d0055.xml,prism_y0d0250,False,0.0,1.0,-0.05671846149194648,0.021855325957922778,1.0,0.027772330197007172,7.774068064168197,-6.185530829714431e-05,0.02070349184472249,0.00685885681713138,0.0079517403845361,-0.006672394277070495,0.005067429071753997,0.020369432478721076,0.006058383198741723,0.005496362809831425,"[-0.031424231827259064, 1.8103560209274292, -0.7083585262298584, 0.0580633208155632, 1.0099420547485352, 1.0484232902526855, 0.11048292368650436, 1.1215150356292725, 0.9653158187866211]"
prism1,11,/home/humanoid/Programs/hand/results/phase1/run_20260413_pollard_multiscene_smoke/prism1/generated_mjcf/scene_prism1_tp0d0103p0d0300p0d0000_ip0d0187n0d0008p0d0110_mp0d0016p0d0266p0d0094.xml,prism_y0d0250,False,0.0,1.0,0.8001585255335344,0.03974699470593966,2.0,0.02025289246786733,9.003203361590796,0.010258174286989438,0.03,0.0,0.018727362165893817,-0.0007513190384077374,0.010973044310663125,0.0015703362935799488,0.026643091531750922,0.009358453337292495,"[-0.031424231827259064, 1.8103560209274292, -0.7083585262298584, 0.0580633208155632, 1.0099420547485352, 1.0484232902526855, 0.11048292368650436, 1.1215150356292725, 0.9653158187866211]"
