scene_key,candidate_id,scene_xml,selected_foundational_pose,feasible,feasibility_max_mean_tip_distance,feasibility_min_contacts,feasible_pose_count,foundational_pose_count,score,cube_lift,cube_tip_contacts,mean_tip_distance,cube_vel_norm,cube_xy_drift,cube_z_drop_from_peak,contact_persistence,thumb_x,thumb_y,thumb_len,index_x,index_y,index_len,middle_x,middle_y,middle_len,chosen_ctrl_json
prism2,2,/home/humanoid/Programs/hand/results/phase1/run_20260413_pollard_multiscene_500_run2_refined/prism2/generated_mjcf/scene_prism2_tp0d0104p0d0276p0d0000_ip0d0186n0d0235p0d0055_mp0d0022p0d0240p0d0010.xml,prism_y0d0300,True,0.02,4.0,1.0,1.0,2.7945183748104077,0.047429879207931014,4.0,0.008779089798154427,1.5746477757152166e-09,0.03291863944584354,0.053093670635523116,0.48333333333333334,0.010441738170906437,0.02758048529891677,0.0,0.018577702638101663,-0.023493946192668855,0.005511730714318659,0.002215734894461416,0.024016294136397276,0.0009950692859782007,"[0.08263128439284526, 1.3000400626383541, -1.1934317794271463, -0.14548773514971436, 1.4385704440511051, 1.1516368567344175, 0.10389342581421046, 1.489166588256795, 0.9205659349197833]"
prism2,16,/home/humanoid/Programs/hand/results/phase1/run_20260413_pollard_multiscene_500_run2_refined/prism2/generated_mjcf/scene_prism2_tn0d0021p0d0276p0d0030_ip0d0210n0d0154p0d0013_mp0d0123p0d0237p0d0000.xml,prism_y0d0300,True,0.02,4.0,1.0,1.0,5.04118931610049,0.0546472610038647,6.0,0.006236924829606537,0.1669073072665056,0.00482384974836901,0.0004176478996142652,1.0,-0.002090487775658576,0.02763490330330185,0.003036155098074084,0.021017863424738617,-0.01543429413379966,0.0012626762525108932,0.01225418083871604,0.023658988998601437,0.0,"[0.08263128439284526, 1.3000400626383541, -1.1934317794271463, -0.14548773514971436, 1.4385704440511051, 1.1516368567344175, 0.10389342581421046, 1.489166588256795, 0.9205659349197833]"
prism2,42,/home/humanoid/Programs/hand/results/phase1/run_20260413_pollard_multiscene_500_run2_refined/prism2/generated_mjcf/scene_prism2_tn0d0094p0d0189p0d0000_ip0d0036n0d0063p0d0034_mp0d0154p0d0053p0d0000.xml,prism_y0d0300,True,0.02,4.0,1.0,1.0,4.530751923012799,0.04998938075624314,5.0,0.005561872169426129,0.03446506467467212,0.0003112406198570129,5.9621308042934196e-05,1.0,-0.009420546518732465,0.0188501309198506,0.0,0.003575475406852743,-0.00632986259990556,0.003448914289927449,0.015418184441244877,0.005287405821515873,0.0,"[0.08263128439284526, 1.3000400626383541, -1.1934317794271463, -0.14548773514971436, 1.4385704440511051, 1.1516368567344175, 0.10389342581421046, 1.489166588256795, 0.9205659349197833]"
prism2,57,/home/humanoid/Programs/hand/results/phase1/run_20260413_pollard_multiscene_500_run2_refined/prism2/generated_mjcf/scene_prism2_tn0d0117p0d0196p0d0000_ip0d0213n0d0028p0d0111_mp0d0125p0d0157p0d0080.xml,prism_y0d0300,True,0.02,4.0,1.0,1.0,4.72993665550206,0.04782369336715088,6.0,0.005351762553497821,0.7016309764042441,0.004657406796764857,0.0,1.0,-0.011709566023867376,0.019592201922411186,0.0,0.021319150102846428,-0.00275523755717884,0.01105595726232652,0.012492871785778067,0.015663848805663412,0.00798522838512554,"[0.08263128439284526, 1.3000400626383541, -1.1934317794271463, -0.14548773514971436, 1.4385704440511051, 1.1516368567344175, 0.10389342581421046, 1.489166588256795, 0.9205659349197833]"
prism2,60,/home/humanoid/Programs/hand/results/phase1/run_20260413_pollard_multiscene_500_run2_refined/prism2/generated_mjcf/scene_prism2_tp0d0066p0d0279p0d0000_ip0d0017n0d0195p0d0000_mp0d0103p0d0080p0d0067.xml,prism_y0d0300,True,0.02,4.0,1.0,1.0,2.820628274835051,0.049084316451196,4.0,0.013235058785756182,4.2561333277098434e-08,0.03625331770078269,0.05537032349229265,0.5138888888888888,0.006624759658674734,0.027935154590522218,0.0,0.0016550791083715342,-0.019516706181432,0.0,0.010291578870901609,0.007970624345573628,0.006718674503725958,"[0.08263128439284526, 1.3000400626383541, -1.1934317794271463, -0.14548773514971436, 1.4385704440511051, 1.1516368567344175, 0.10389342581421046, 1.489166588256795, 0.9205659349197833]"
prism2,62,/home/humanoid/Programs/hand/results/phase1/run_20260413_pollard_multiscene_500_run2_refined/prism2/generated_mjcf/scene_prism2_tp0d0096p0d0187p0d0000_ip0d0054n0d0187p0d0036_mp0d0044p0d0240p0d0000.xml,prism_y0d0300,True,0.02,4.0,1.0,1.0,4.5325238207789,0.04993370918421638,5.0,0.0055973061874864056,0.015085313476047076,5.6253827863586404e-05,0.0001134223587592742,1.0,0.009598699042534763,0.018748600687729843,0.0,0.005356173220736853,-0.018747058256286107,0.0036183920343215593,0.004352464043744693,0.023994612495433137,0.0,"[0.08263128439284526, 1.3000400626383541, -1.1934317794271463, -0.14548773514971436, 1.4385704440511051, 1.1516368567344175, 0.10389342581421046, 1.489166588256795, 0.9205659349197833]"
prism2,65,/home/humanoid/Programs/hand/results/phase1/run_20260413_pollard_multiscene_500_run2_refined/prism2/generated_mjcf/scene_prism2_tp0d0102p0d0180p0d0000_ip0d0127n0d0084p0d0038_mp0d0000p0d0173p0d0057.xml,prism_y0d0300,True,0.02,4.0,1.0,1.0,4.8560226523262875,0.04938302213983516,6.0,0.005602700530626101,0.33976879731820836,0.0011948580608782515,0.0002536044619741995,1.0,0.010244905457486197,0.01801220879143583,0.0,0.012668186858420182,-0.008360595438035868,0.003846637078264433,3.421521337633286e-05,0.01726566189683254,0.005662166397551415,"[0.08263128439284526, 1.3000400626383541, -1.1934317794271463, -0.14548773514971436, 1.4385704440511051, 1.1516368567344175, 0.10389342581421046, 1.489166588256795, 0.9205659349197833]"
prism2,66,/home/humanoid/Programs/hand/results/phase1/run_20260413_pollard_multiscene_500_run2_refined/prism2/generated_mjcf/scene_prism2_tp0d0071p0d0221p0d0000_ip0d0000n0d0165p0d0103_mp0d0093p0d0248p0d0000.xml,prism_y0d0300,True,0.02,4.0,1.0,1.0,4.097010104698502,0.04981941350972818,6.0,0.005615633074299124,5.091576356769448,0.011950274746328208,0.0,1.0,0.00709364078744279,0.022124822046544465,0.0,9.767773522696352e-06,-0.01654671136546037,0.010261411427183106,0.009342820692003578,0.024791373771543557,0.0,"[0.08263128439284526, 1.3000400626383541, -1.1934317794271463, -0.14548773514971436, 1.4385704440511051, 1.1516368567344175, 0.10389342581421046, 1.489166588256795, 0.9205659349197833]"
prism2,94,/home/humanoid/Programs/hand/results/phase1/run_20260413_pollard_multiscene_500_run2_refined/prism2/generated_mjcf/scene_prism2_tp0d0015p0d0126p0d0064_ip0d0095n0d0111p0d0000_mp0d0090p0d0044p0d0074.xml,prism_y0d0300,True,0.02,4.0,1.0,1.0,4.924653113664294,0.05291330159196289,6.0,0.0058866536976695735,0.1310259707370348,0.015590482286282032,0.00019519544423503288,1.0,0.001539169440428645,0.012590402374113123,0.006399856377125625,0.009505016714306917,-0.011122081462157587,0.0,0.008957884088755294,0.004397102470699158,0.007428471529678085,"[0.08263128439284526, 1.3000400626383541, -1.1934317794271463, -0.14548773514971436, 1.4385704440511051, 1.1516368567344175, 0.10389342581421046, 1.489166588256795, 0.9205659349197833]"
prism2,114,/home/humanoid/Programs/hand/results/phase1/run_20260413_pollard_multiscene_500_run2_refined/prism2/generated_mjcf/scene_prism2_tn0d0097p0d0300p0d0040_ip0d0154n0d0108p0d0000_mp0d0182p0d0133p0d0000.xml,prism_y0d0300,True,0.02,4.0,1.0,1.0,4.591949315766715,0.052444080957763525,5.0,0.006757526513880753,0.07235273563351273,0.00320425906370343,0.0,1.0,-0.009724061022624773,0.03,0.0040072071336392685,0.015418097000075947,-0.010783104100315308,0.0,0.018205053769901072,0.013332696100926186,0.0,"[0.08263128439284526, 1.3000400626383541, -1.1934317794271463, -0.14548773514971436, 1.4385704440511051, 1.1516368567344175, 0.10389342581421046, 1.489166588256795, 0.9205659349197833]"
prism2,134,/home/humanoid/Programs/hand/results/phase1/run_20260413_pollard_multiscene_500_run2_refined/prism2/generated_mjcf/scene_prism2_tn0d0077p0d0195p0d0000_ip0d0054n0d0153p0d0047_mp0d0056p0d0160p0d0036.xml,prism_y0d0300,True,0.02,4.0,1.0,1.0,4.405718207164229,0.05009580287693271,5.0,0.005605655352987997,0.7211193851845308,0.004709279174126807,0.0,1.0,-0.007742076707245167,0.019521734459900235,0.0,0.005380400973209519,-0.015320954689492202,0.004686405960974107,0.00560440286082812,0.016011727803561176,0.0036316851150580594,"[0.08263128439284526, 1.3000400626383541, -1.1934317794271463, -0.14548773514971436, 1.4385704440511051, 1.1516368567344175, 0.10389342581421046, 1.489166588256795, 0.9205659349197833]"
prism2,146,/home/humanoid/Programs/hand/results/phase1/run_20260413_pollard_multiscene_500_run2_refined/prism2/generated_mjcf/scene_prism2_tn0d0100p0d0190p0d0000_in0d0019n0d0119p0d0000_mp0d0192p0d0113p0d0039.xml,prism_y0d0300,True,0.02,4.0,1.0,1.0,4.928723838701758,0.05042320276362239,6.0,0.00695611084480937,0.0367520033476488,0.0027772059722099467,0.0,1.0,-0.010045906244288014,0.019006044700280358,0.0,-0.001910366479366826,-0.011895275575458145,0.0,0.019195229064207682,0.011320224616773731,0.0039041055259550206,"[0.08263128439284526, 1.3000400626383541, -1.1934317794271463, -0.14548773514971436, 1.4385704440511051, 1.1516368567344175, 0.10389342581421046, 1.489166588256795, 0.9205659349197833]"
prism2,148,/home/humanoid/Programs/hand/results/phase1/run_20260413_pollard_multiscene_500_run2_refined/prism2/generated_mjcf/scene_prism2_tn0d0084p0d0110p0d0000_ip0d0037n0d0242p0d0000_mp0d0218p0d0092p0d0000.xml,prism_y0d0300,True,0.02,4.0,1.0,1.0,4.959415324530823,0.05278633583418327,6.0,0.006156011968427108,0.13745493625448502,0.007950472165075025,0.0006227776916762351,1.0,-0.008384850114827124,0.010998077251796115,0.0,0.0037161724242142525,-0.024194187208261365,0.0,0.021761286768522584,0.009183467605082948,0.0,"[0.08263128439284526, 1.3000400626383541, -1.1934317794271463, -0.14548773514971436, 1.4385704440511051, 1.1516368567344175, 0.10389342581421046, 1.489166588256795, 0.9205659349197833]"
prism2,154,/home/humanoid/Programs/hand/results/phase1/run_20260413_pollard_multiscene_500_run2_refined/prism2/generated_mjcf/scene_prism2_tn0d0060p0d0300p0d0000_ip0d0008n0d0128p0d0053_mp0d0202p0d0236p0d0113.xml,prism_y0d0300,True,0.02,4.0,1.0,1.0,4.831192212422802,0.05141980477279483,7.0,0.005894030350960845,3.2355094669114726,0.011897745647729113,0.0,1.0,-0.005961165487680037,0.03,0.0,0.0007531740575051921,-0.012763734213142173,0.005254819597036012,0.020235854375230844,0.023634514741201866,0.011292320198183152,"[0.08263128439284526, 1.3000400626383541, -1.1934317794271463, -0.14548773514971436, 1.4385704440511051, 1.1516368567344175, 0.10389342581421046, 1.489166588256795, 0.9205659349197833]"
prism2,157,/home/humanoid/Programs/hand/results/phase1/run_20260413_pollard_multiscene_500_run2_refined/prism2/generated_mjcf/scene_prism2_tp0d0113p0d0144p0d0039_ip0d0162n0d0208p0d0089_mp0d0101p0d0263p0d0094.xml,prism_y0d0300,True,0.02,4.0,1.0,1.0,4.907602391304734,0.04980919516915619,6.0,0.005636182781721271,0.10709472784798235,0.0006915514319625357,0.0003527963569431164,1.0,0.011272147501967051,0.014373501696804333,0.003851906420196817,0.01623469939494379,-0.0207794824341704,0.008888251116506849,0.01012549654790459,0.02625110103573041,0.00935258777511349,"[0.08263128439284526, 1.3000400626383541, -1.1934317794271463, -0.14548773514971436, 1.4385704440511051, 1.1516368567344175, 0.10389342581421046, 1.489166588256795, 0.9205659349197833]"
prism2,160,/home/humanoid/Programs/hand/results/phase1/run_20260413_pollard_multiscene_500_run2_refined/prism2/generated_mjcf/scene_prism2_tn0d0113p0d0248p0d0000_in0d0008n0d0086p0d0112_mn0d0005p0d0215p0d0000.xml,prism_y0d0300,True,0.02,4.0,1.0,1.0,3.769657972473486,0.05003790563270751,5.0,0.0055769726429321514,4.797957171483889,0.008470200610471604,0.0,1.0,-0.01128660729865892,0.024821794228799127,0.0,-0.00083186608066977,-0.008554373849221279,0.01124052496537592,-0.00045976902830612704,0.02153632241141243,0.0,"[0.08263128439284526, 1.3000400626383541, -1.1934317794271463, -0.14548773514971436, 1.4385704440511051, 1.1516368567344175, 0.10389342581421046, 1.489166588256795, 0.9205659349197833]"
prism2,176,/home/humanoid/Programs/hand/results/phase1/run_20260413_pollard_multiscene_500_run2_refined/prism2/generated_mjcf/scene_prism2_tn0d0042p0d0147p0d0000_ip0d0078n0d0180p0d0000_mp0d0214p0d0170p0d0000.xml,prism_y0d0300,True,0.02,4.0,1.0,1.0,4.955056868519957,0.05137670765299242,6.0,0.006547312828507045,0.060496747693068426,0.002611969870730984,0.0004405785249513988,1.0,-0.004224321255218628,0.014693684350748644,0.0,0.007783851825736274,-0.018004387774481902,0.0,0.021358462961561187,0.017045554947876396,0.0,"[0.08263128439284526, 1.3000400626383541, -1.1934317794271463, -0.14548773514971436, 1.4385704440511051, 1.1516368567344175, 0.10389342581421046, 1.489166588256795, 0.9205659349197833]"
prism2,186,/home/humanoid/Programs/hand/results/phase1/run_20260413_pollard_multiscene_500_run2_refined/prism2/generated_mjcf/scene_prism2_tn0d0109p0d0266p0d0000_ip0d0208n0d0007p0d0025_mp0d0198p0d0119p0d0000.xml,prism_y0d0300,True,0.02,4.0,1.0,1.0,4.527612810722277,0.05115260157931262,5.0,0.0056203978069896245,0.1817183387115683,0.004038283022158273,0.0,1.0,-0.01094530967303526,0.026622520374406416,0.0,0.02084817749367661,-0.0006692405604083445,0.0024633831944326275,0.019788114268166283,0.011869035729068184,0.0,"[0.08263128439284526, 1.3000400626383541, -1.1934317794271463, -0.14548773514971436, 1.4385704440511051, 1.1516368567344175, 0.10389342581421046, 1.489166588256795, 0.9205659349197833]"
prism2,188,/home/humanoid/Programs/hand/results/phase1/run_20260413_pollard_multiscene_500_run2_refined/prism2/generated_mjcf/scene_prism2_tn0d0113p0d0300p0d0000_ip0d0000n0d0098p0d0041_mp0d0057p0d0253p0d0000.xml,prism_y0d0300,True,0.02,4.0,1.0,1.0,4.067281951254534,0.05051783003278093,5.0,0.005594127363148508,2.9342468221086406,0.008252803641700923,0.0,1.0,-0.011292589471460104,0.03,0.0,1.896314324718526e-05,-0.009754604433349351,0.004105129779418168,0.0057010780266160835,0.025270931042320165,0.0,"[0.08263128439284526, 1.3000400626383541, -1.1934317794271463, -0.14548773514971436, 1.4385704440511051, 1.1516368567344175, 0.10389342581421046, 1.489166588256795, 0.9205659349197833]"
prism2,189,/home/humanoid/Programs/hand/results/phase1/run_20260413_pollard_multiscene_500_run2_refined/prism2/generated_mjcf/scene_prism2_tn0d0079p0d0282p0d0000_ip0d0114n0d0059p0d0000_mp0d0194p0d0087p0d0000.xml,prism_y0d0300,True,0.02,4.0,1.0,1.0,4.601165041507823,0.05272825096849011,5.0,0.0063039954332905586,0.07521560127175116,0.003405568555331265,0.0,1.0,-0.007871923122523284,0.02824721477700434,0.0,0.011434791023358513,-0.005873051273154057,0.0,0.019370976136729598,0.00867365001472788,0.0,"[0.08263128439284526, 1.3000400626383541, -1.1934317794271463, -0.14548773514971436, 1.4385704440511051, 1.1516368567344175, 0.10389342581421046, 1.489166588256795, 0.9205659349197833]"
prism2,205,/home/humanoid/Programs/hand/results/phase1/run_20260413_pollard_multiscene_500_run2_refined/prism2/generated_mjcf/scene_prism2_tp0d0036p0d0128p0d0000_in0d0018n0d0024p0d0082_mp0d0003p0d0197p0d0000.xml,prism_y0d0300,True,0.02,4.0,1.0,1.0,2.545415396957214,0.04498808252898631,4.0,0.01293736938945124,3.224558152582323e-11,0.053914274785341304,0.054057999412534044,0.46111111111111114,0.0036179364962463777,0.012837212448013606,0.0,-0.0018298901071419332,-0.002395784622160021,0.008180570878864576,0.0002708761776541446,0.01972964691536254,0.0,"[0.08263128439284526, 1.3000400626383541, -1.1934317794271463, -0.14548773514971436, 1.4385704440511051, 1.1516368567344175, 0.10389342581421046, 1.489166588256795, 0.9205659349197833]"
prism2,228,/home/humanoid/Programs/hand/results/phase1/run_20260413_pollard_multiscene_500_run2_refined/prism2/generated_mjcf/scene_prism2_tp0d0018p0d0170p0d0000_ip0d0032n0d0128p0d0000_mp0d0192p0d0047p0d0036.xml,prism_y0d0300,True,0.02,4.0,1.0,1.0,4.954288038951595,0.05374018365696431,6.0,0.005669800368835465,0.1402694700435373,0.0157063946329926,0.0,1.0,0.0017785008989475558,0.017044118735223775,0.0,0.003186891827523349,-0.012818094553557719,0.0,0.01917602235967445,0.004697717154899158,0.0035502383157635774,"[0.08263128439284526, 1.3000400626383541, -1.1934317794271463, -0.14548773514971436, 1.4385704440511051, 1.1516368567344175, 0.10389342581421046, 1.489166588256795, 0.9205659349197833]"
prism2,229,/home/humanoid/Programs/hand/results/phase1/run_20260413_pollard_multiscene_500_run2_refined/prism2/generated_mjcf/scene_prism2_tp0d0087p0d0300p0d0000_ip0d0077n0d0234p0d0000_mp0d0136p0d0114p0d0000.xml,prism_y0d0300,True,0.02,4.0,1.0,1.0,2.7851518052225295,0.04856114738436116,4.0,0.013258618048278367,3.081933945350232e-14,0.021954872667703886,0.05524237898283274,0.38333333333333336,0.008663651804597345,0.03,0.0,0.007674482461781696,-0.023444371696119334,0.0,0.013597677390840683,0.011417327075538986,0.0,"[0.08263128439284526, 1.3000400626383541, -1.1934317794271463, -0.14548773514971436, 1.4385704440511051, 1.1516368567344175, 0.10389342581421046, 1.489166588256795, 0.9205659349197833]"
prism2,245,/home/humanoid/Programs/hand/results/phase1/run_20260413_pollard_multiscene_500_run2_refined/prism2/generated_mjcf/scene_prism2_tn0d0045p0d0121p0d0034_ip0d0174n0d0173p0d0000_mp0d0212p0d0139p0d0000.xml,prism_y0d0300,True,0.02,4.0,1.0,1.0,4.969836778734077,0.05257476198936818,6.0,0.005978980212001998,0.1417954641606981,0.006175435140950164,0.0,1.0,-0.004528621663971532,0.012117700999274032,0.0034291248847927273,0.01739136599231956,-0.017332691788016226,0.0,0.0212315535462329,0.013907077695475889,0.0,"[0.08263128439284526, 1.3000400626383541, -1.1934317794271463, -0.14548773514971436, 1.4385704440511051, 1.1516368567344175, 0.10389342581421046, 1.489166588256795, 0.9205659349197833]"
prism2,268,/home/humanoid/Programs/hand/results/phase1/run_20260413_pollard_multiscene_500_run2_refined/prism2/generated_mjcf/scene_prism2_tp0d0102p0d0138p0d0107_ip0d0106n0d0072p0d0004_mp0d0019p0d0053p0d0000.xml,prism_y0d0300,True,0.02,4.0,1.0,1.0,4.524052472939851,0.04972149418158217,5.0,0.005761351229277651,0.01243722451015641,0.00038315652505995277,4.2716510840493105e-05,1.0,0.010192050973665118,0.013796870560345172,0.01073217435091527,0.010556599209052135,-0.0072346864002176565,0.00041095213145756447,0.001934188977885925,0.0052613143908337,0.0,"[0.08263128439284526, 1.3000400626383541, -1.1934317794271463, -0.14548773514971436, 1.4385704440511051, 1.1516368567344175, 0.10389342581421046, 1.489166588256795, 0.9205659349197833]"
prism2,272,/home/humanoid/Programs/hand/results/phase1/run_20260413_pollard_multiscene_500_run2_refined/prism2/generated_mjcf/scene_prism2_tn0d0009p0d0148p0d0000_ip0d0185n0d0080p0d0009_mp0d0179p0d0092p0d0042.xml,prism_y0d0300,True,0.02,4.0,1.0,1.0,4.866500552799107,0.05236191786077926,6.0,0.005660017612778997,0.6959108329381767,0.00840998536031369,0.0,1.0,-0.0009488846215536303,0.014802931966176474,0.0,0.01846619001000817,-0.008015341938986174,0.0008936013470664285,0.01788502974286396,0.009203218882619397,0.0041798237366650025,"[0.08263128439284526, 1.3000400626383541, -1.1934317794271463, -0.14548773514971436, 1.4385704440511051, 1.1516368567344175, 0.10389342581421046, 1.489166588256795, 0.9205659349197833]"
prism2,302,/home/humanoid/Programs/hand/results/phase1/run_20260413_pollard_multiscene_500_run2_refined/prism2/generated_mjcf/scene_prism2_tp0d0000p0d0103p0d0000_ip0d0142n0d0186p0d0027_mp0d0106p0d0161p0d0096.xml,prism_y0d0300,True,0.02,4.0,1.0,1.0,5.096152653654703,0.05840042369147167,6.0,0.005722855668817503,0.18421824946133428,0.011925445416464602,0.0031025878575985932,1.0,1.52762690730536e-05,0.010318728597676494,0.0,0.014179465942471577,-0.018579129172113917,0.0026778249323777814,0.010603298595188203,0.01606071650706425,0.009598355773355983,"[0.08263128439284526, 1.3000400626383541, -1.1934317794271463, -0.14548773514971436, 1.4385704440511051, 1.1516368567344175, 0.10389342581421046, 1.489166588256795, 0.9205659349197833]"
prism2,309,/home/humanoid/Programs/hand/results/phase1/run_20260413_pollard_multiscene_500_run2_refined/prism2/generated_mjcf/scene_prism2_tp0d0006p0d0156p0d0043_ip0d0170n0d0032p0d0000_mn0d0016p0d0098p0d0000.xml,prism_y0d0300,True,0.02,4.0,1.0,1.0,4.520681895939965,0.050021786883125086,5.0,0.005691050951515321,0.09059814952520694,0.00042891270827389346,0.00021127869899659202,1.0,0.0006324874825023377,0.015565669750556,0.004280500788737374,0.01702967036535663,-0.003212690244973523,0.0,-0.0015568809700233412,0.009816366677282138,0.0,"[0.08263128439284526, 1.3000400626383541, -1.1934317794271463, -0.14548773514971436, 1.4385704440511051, 1.1516368567344175, 0.10389342581421046, 1.489166588256795, 0.9205659349197833]"
prism2,310,/home/humanoid/Programs/hand/results/phase1/run_20260413_pollard_multiscene_500_run2_refined/prism2/generated_mjcf/scene_prism2_tn0d0056p0d0125p0d0000_ip0d0155n0d0157p0d0021_mp0d0112p0d0229p0d0040.xml,prism_y0d0300,True,0.02,4.0,1.0,1.0,4.719344805323346,0.05907277680492225,5.0,0.005793352647189492,0.43221237274760144,0.011051003417692393,0.00045648342802158404,1.0,-0.005563163096960496,0.012532759528698492,0.0,0.015543933693043676,-0.01568055041769157,0.002085027202804091,0.011231695665054458,0.022883577377717644,0.003994476460303192,"[0.08263128439284526, 1.3000400626383541, -1.1934317794271463, -0.14548773514971436, 1.4385704440511051, 1.1516368567344175, 0.10389342581421046, 1.489166588256795, 0.9205659349197833]"
prism2,312,/home/humanoid/Programs/hand/results/phase1/run_20260413_pollard_multiscene_500_run2_refined/prism2/generated_mjcf/scene_prism2_tn0d0047p0d0189p0d0000_ip0d0068n0d0135p0d0117_mn0d0001p0d0131p0d0100.xml,prism_y0d0300,True,0.02,4.0,1.0,1.0,4.068578358291585,0.052519425311988055,4.0,0.005539303676581235,0.596146385334845,0.011516827079101241,0.0,1.0,-0.004651619836714396,0.01889458981639476,0.0,0.006801718080759659,-0.013513747501689115,0.011741231741499061,-6.2609699756749e-05,0.013108661014776889,0.009980013606161506,"[0.08263128439284526, 1.3000400626383541, -1.1934317794271463, -0.14548773514971436, 1.4385704440511051, 1.1516368567344175, 0.10389342581421046, 1.489166588256795, 0.9205659349197833]"
prism2,314,/home/humanoid/Programs/hand/results/phase1/run_20260413_pollard_multiscene_500_run2_refined/prism2/generated_mjcf/scene_prism2_tp0d0106p0d0127p0d0071_ip0d0123n0d0145p0d0000_mn0d0016p0d0250p0d0015.xml,prism_y0d0300,True,0.02,4.0,1.0,1.0,2.8029502447667554,0.048198101781252195,4.0,0.01242889800380987,1.99477928707166e-08,0.045438510962299165,0.05091157477066108,0.5305555555555556,0.010622972902620723,0.012664110679653057,0.0070910251678643135,0.01225325458228169,-0.014536863541682501,0.0,-0.0016097669568859666,0.025039082473460206,0.001512354160861356,"[0.08263128439284526, 1.3000400626383541, -1.1934317794271463, -0.14548773514971436, 1.4385704440511051, 1.1516368567344175, 0.10389342581421046, 1.489166588256795, 0.9205659349197833]"
prism2,319,/home/humanoid/Programs/hand/results/phase1/run_20260413_pollard_multiscene_500_run2_refined/prism2/generated_mjcf/scene_prism2_tn0d0114p0d0278p0d0076_ip0d0136n0d0104p0d0110_mp0d0075p0d0127p0d0000.xml,prism_y0d0300,True,0.02,4.0,1.0,1.0,4.9156929609709845,0.04994739358792819,6.0,0.00736542203453237,0.035515476385697055,0.0014352963022633855,0.0003163226055002688,1.0,-0.011445896831030486,0.027757158118331206,0.007576657359126732,0.013615579827387526,-0.010422462196609672,0.010966467574557982,0.007487582063668523,0.012685536033825195,0.0,"[0.08263128439284526, 1.3000400626383541, -1.1934317794271463, -0.14548773514971436, 1.4385704440511051, 1.1516368567344175, 0.10389342581421046, 1.489166588256795, 0.9205659349197833]"
prism2,325,/home/humanoid/Programs/hand/results/phase1/run_20260413_pollard_multiscene_500_run2_refined/prism2/generated_mjcf/scene_prism2_tn0d0079p0d0285p0d0000_ip0d0173n0d0097p0d0000_mp0d0081p0d0227p0d0089.xml,prism_y0d0300,True,0.02,4.0,1.0,1.0,4.524918932061379,0.052301088909786936,5.0,0.005666802972877569,0.3355366106226662,0.0073258470403348794,0.0,1.0,-0.007900998183171592,0.028461975548615688,0.0,0.0173396267945565,-0.009702377578495812,0.0,0.008072663714616258,0.022662028751065037,0.00888291847390046,"[0.08263128439284526, 1.3000400626383541, -1.1934317794271463, -0.14548773514971436, 1.4385704440511051, 1.1516368567344175, 0.10389342581421046, 1.489166588256795, 0.9205659349197833]"
prism2,341,/home/humanoid/Programs/hand/results/phase1/run_20260413_pollard_multiscene_500_run2_refined/prism2/generated_mjcf/scene_prism2_tp0d0065p0d0150p0d0000_ip0d0202n0d0150p0d0000_mp0d0011p0d0194p0d0000.xml,prism_y0d0300,True,0.02,4.0,1.0,1.0,5.301603089896528,0.04952343699748427,7.0,0.005750224632437348,0.06378112904008426,0.001502191240677375,0.0001363699125391804,1.0,0.006507212909486602,0.015027581047463462,0.0,0.020156862280520417,-0.01496351955724431,0.0,0.0011219360405519772,0.01935862038652124,0.0,"[0.08263128439284526, 1.3000400626383541, -1.1934317794271463, -0.14548773514971436, 1.4385704440511051, 1.1516368567344175, 0.10389342581421046, 1.489166588256795, 0.9205659349197833]"
prism2,344,/home/humanoid/Programs/hand/results/phase1/run_20260413_pollard_multiscene_500_run2_refined/prism2/generated_mjcf/scene_prism2_tn0d0000p0d0122p0d0000_ip0d0065n0d0185p0d0062_mp0d0126p0d0137p0d0018.xml,prism_y0d0300,True,0.02,4.0,1.0,1.0,4.98241174897669,0.05677345478778119,6.0,0.00567929808933932,0.5777837979976201,0.017772167119554927,0.0,1.0,-4.1296306355530915e-05,0.012194623068909824,0.0,0.006539719483005546,-0.01852327542668413,0.0062211469891701315,0.012556622190267035,0.013698973120376162,0.0017805247967015853,"[0.08263128439284526, 1.3000400626383541, -1.1934317794271463, -0.14548773514971436, 1.4385704440511051, 1.1516368567344175, 0.10389342581421046, 1.489166588256795, 0.9205659349197833]"
prism2,376,/home/humanoid/Programs/hand/results/phase1/run_20260413_pollard_multiscene_500_run2_refined/prism2/generated_mjcf/scene_prism2_tp0d0105p0d0300p0d0000_ip0d0063n0d0138p0d0000_mn0d0013p0d0092p0d0107.xml,prism_y0d0300,True,0.02,4.0,1.0,1.0,2.811170675508243,0.049400102622251946,4.0,0.013443177746439555,1.3965130483480972e-05,0.040980471288743596,0.05616254393037927,0.5361111111111111,0.010522744540146026,0.03,0.0,0.006265542463366365,-0.013777684366762381,0.0,-0.0013129549292847896,0.009179419376552186,0.010680191381843947,"[0.08263128439284526, 1.3000400626383541, -1.1934317794271463, -0.14548773514971436, 1.4385704440511051, 1.1516368567344175, 0.10389342581421046, 1.489166588256795, 0.9205659349197833]"
prism2,379,/home/humanoid/Programs/hand/results/phase1/run_20260413_pollard_multiscene_500_run2_refined/prism2/generated_mjcf/scene_prism2_tp0d0005p0d0181p0d0102_ip0d0204n0d0113p0d0000_mp0d0040p0d0080p0d0000.xml,prism_y0d0300,True,0.02,4.0,1.0,1.0,4.962958109056287,0.05203626700711315,6.0,0.006268959194910387,0.11384306112175939,0.0041373781430953695,0.0003227158146680287,1.0,0.0005063580441945943,0.018121217785754797,0.010185928300256861,0.020406265641012875,-0.011317239845225827,0.0,0.003969351811511051,0.00798329334682274,0.0,"[0.08263128439284526, 1.3000400626383541, -1.1934317794271463, -0.14548773514971436, 1.4385704440511051, 1.1516368567344175, 0.10389342581421046, 1.489166588256795, 0.9205659349197833]"
prism2,383,/home/humanoid/Programs/hand/results/phase1/run_20260413_pollard_multiscene_500_run2_refined/prism2/generated_mjcf/scene_prism2_tn0d0118p0d0271p0d0000_ip0d0077n0d0076p0d0000_mp0d0104p0d0062p0d0000.xml,prism_y0d0300,True,0.02,4.0,1.0,1.0,4.596440035825913,0.052012070631666726,5.0,0.006639677302044539,0.023408092720736705,0.0011986446283704841,0.0,1.0,-0.011835445780551481,0.02708227762575327,0.0,0.00774784304588942,-0.007563727153970494,0.0,0.010352447859135416,0.00620925942575782,0.0,"[0.08263128439284526, 1.3000400626383541, -1.1934317794271463, -0.14548773514971436, 1.4385704440511051, 1.1516368567344175, 0.10389342581421046, 1.489166588256795, 0.9205659349197833]"
prism2,407,/home/humanoid/Programs/hand/results/phase1/run_20260413_pollard_multiscene_500_run2_refined/prism2/generated_mjcf/scene_prism2_tn0d0051p0d0279p0d0054_ip0d0150n0d0131p0d0007_mp0d0011p0d0239p0d0037.xml,prism_y0d0300,True,0.02,4.0,1.0,1.0,5.050646547222089,0.055673463892120974,6.0,0.0060961432978773955,0.1820675973221461,0.009737043801344712,0.0,1.0,-0.005140192786809574,0.027934052286104214,0.0054220926649164,0.01495389301596657,-0.013107166884916394,0.0007151348632215403,0.0010701092854143394,0.023868681030051596,0.003737171765941818,"[0.08263128439284526, 1.3000400626383541, -1.1934317794271463, -0.14548773514971436, 1.4385704440511051, 1.1516368567344175, 0.10389342581421046, 1.489166588256795, 0.9205659349197833]"
prism2,411,/home/humanoid/Programs/hand/results/phase1/run_20260413_pollard_multiscene_500_run2_refined/prism2/generated_mjcf/scene_prism2_tn0d0048p0d0150p0d0000_ip0d0065n0d0078p0d0000_mn0d0008p0d0033p0d0000.xml,prism_y0d0300,True,0.02,4.0,1.0,1.0,4.510824808177423,0.050223818815994116,5.0,0.005627344961363491,0.15985215217269827,0.001962722938956565,0.0,1.0,-0.00483454322046063,0.0150354995281941,0.0,0.006463405685212573,-0.007794424323765136,0.0,-0.0007991368204927872,0.003305963248475482,0.0,"[0.08263128439284526, 1.3000400626383541, -1.1934317794271463, -0.14548773514971436, 1.4385704440511051, 1.1516368567344175, 0.10389342581421046, 1.489166588256795, 0.9205659349197833]"
prism2,414,/home/humanoid/Programs/hand/results/phase1/run_20260413_pollard_multiscene_500_run2_refined/prism2/generated_mjcf/scene_prism2_tp0d0119p0d0161p0d0000_ip0d0066n0d0103p0d0010_mn0d0012p0d0040p0d0000.xml,prism_y0d0300,True,0.02,4.0,1.0,1.0,4.737562635111814,0.05133515094552044,6.0,0.005630168401183759,0.9146647020244127,0.01845126764589532,0.0,1.0,0.011926975172027825,0.016136097000490002,0.0,0.006603760238197899,-0.010256639026435648,0.000980959618551415,-0.0012493701764418955,0.004048123202399532,0.0,"[0.08263128439284526, 1.3000400626383541, -1.1934317794271463, -0.14548773514971436, 1.4385704440511051, 1.1516368567344175, 0.10389342581421046, 1.489166588256795, 0.9205659349197833]"
prism2,449,/home/humanoid/Programs/hand/results/phase1/run_20260413_pollard_multiscene_500_run2_refined/prism2/generated_mjcf/scene_prism2_tn0d0067p0d0251p0d0000_ip0d0118n0d0189p0d0103_mp0d0178p0d0230p0d0000.xml,prism_y0d0300,True,0.02,4.0,1.0,1.0,4.560549477259302,0.05376264823480597,5.0,0.005607675621122146,0.34230264054319526,0.009763743939197173,0.0,1.0,-0.006688079787446489,0.025055041151438993,0.0,0.011787691163478548,-0.018857419838083388,0.010269059958378499,0.017802052151034024,0.02298066643960671,0.0,"[0.08263128439284526, 1.3000400626383541, -1.1934317794271463, -0.14548773514971436, 1.4385704440511051, 1.1516368567344175, 0.10389342581421046, 1.489166588256795, 0.9205659349197833]"
prism2,480,/home/humanoid/Programs/hand/results/phase1/run_20260413_pollard_multiscene_500_run2_refined/prism2/generated_mjcf/scene_prism2_tn0d0066p0d0101p0d0000_ip0d0142n0d0234p0d0072_mp0d0124p0d0232p0d0000.xml,prism_y0d0300,True,0.02,4.0,1.0,1.0,4.604785737619188,0.054488503878898836,5.0,0.005700678096630034,0.22420497062248823,0.009546632725939804,0.0,1.0,-0.006594381918308316,0.010115788867042789,0.0,0.014238195089008763,-0.023356292142754483,0.007217844165074538,0.012374884987691043,0.02323082678296967,0.0,"[0.08263128439284526, 1.3000400626383541, -1.1934317794271463, -0.14548773514971436, 1.4385704440511051, 1.1516368567344175, 0.10389342581421046, 1.489166588256795, 0.9205659349197833]"
prism2,497,/home/humanoid/Programs/hand/results/phase1/run_20260413_pollard_multiscene_500_run2_refined/prism2/generated_mjcf/scene_prism2_tn0d0097p0d0212p0d0092_ip0d0104n0d0190p0d0000_mp0d0216p0d0200p0d0095.xml,prism_y0d0300,True,0.02,4.0,1.0,1.0,4.530517192214222,0.04994751089757504,5.0,0.005875740777998263,0.014793082888034508,0.0004552024188395297,7.86692248887777e-05,1.0,-0.009713218372601893,0.021152490188781035,0.009228060343378315,0.010391589576232495,-0.019031929684336403,0.0,0.02163107469634539,0.020045375014204635,0.009475648985567953,"[0.08263128439284526, 1.3000400626383541, -1.1934317794271463, -0.14548773514971436, 1.4385704440511051, 1.1516368567344175, 0.10389342581421046, 1.489166588256795, 0.9205659349197833]"
