timestamp,servo_id,position_deg
1788018359.480983,0,-41.3086
1788018359.57711,0,-41.3086
1788018359.6730828,0,-41.3086
1788018359.784951,0,-41.3086
1788018359.881216,0,-41.6016
1788018359.9770691,0,-41.3086
1788018360.0730891,0,-41.3086
1788018360.185081,0,-41.3086
1788018360.280975,0,-41.3086
1788018360.3769338,0,-41.3086
1788018360.472975,0,-41.3086
1788018360.584943,0,-41.3086
1788018360.680906,0,-41.3086
1788018360.7769659,0,-41.3086
1788018360.873048,0,-41.3086
1788018360.9850109,0,-41.3086
1788018361.080981,0,-41.3086
1788018361.1768608,0,-41.3086
1788018361.27295,0,-41.3086
1788018361.368814,0,-41.3086
1788018361.480941,0,-41.3086
1788018361.576975,0,-41.3086
1788018361.67279,0,-41.3086
1788018361.784796,0,-41.3086
1788018361.880969,0,-41.3086
1788018361.976982,0,-41.3086
1788018362.0728781,0,-41.3086
1788018362.184788,0,-41.3086
1788018362.2808619,0,-41.3086
1788018362.3769999,0,-41.3086
1788018362.472927,0,-41.3086
1788018362.5688372,0,-41.6016
1788018362.680765,0,-41.8945
1788018362.776741,0,-42.1875
1788018362.873324,0,-42.1875
1788018362.984877,0,-42.1875
1788018363.080875,0,-42.1875
1788018363.176894,0,-42.7734
1788018363.2729988,0,-42.7734
1788018363.384744,0,-42.7734
1788018363.480887,0,-43.6523
1788018363.576874,0,-45.1172
1788018363.672748,0,-46.5820
1788018363.768703,0,-48.0469
1788018363.88077,0,-49.5117
1788018363.976768,0,-50.9766
1788018364.072744,0,-53.0273
1788018364.184897,0,-54.4922
1788018364.28067,0,-55.9570
1788018364.376737,0,-57.4219
1788018364.472822,0,-59.1797
1788018364.5687191,0,-60.0586
1788018364.680762,0,-61.5234
1788018364.776907,0,-62.9883
1788018364.872708,0,-64.7461
1788018364.968679,0,-66.2109
1788018365.0808718,0,-67.6758
1788018365.176746,0,-68.8477
1788018365.272626,0,-70.3125
1788018365.384801,0,-72.3633
1788018365.48091,0,-73.8281
1788018365.57677,0,-75.2930
1788018365.6727521,0,-76.4648
1788018365.7847412,0,-78.8086
1788018365.881043,0,-80.5664
1788018365.9768262,0,-82.3242
1788018366.072663,0,-84.0820
1788018366.1846552,0,-85.5469
1788018366.280728,0,-87.3047
1788018366.376668,0,-89.3555
1788018366.472648,0,-91.9922
1788018366.568606,0,-94.0430
1788018366.6805198,0,-95.5078
1788018366.776512,0,-97.5586
1788018366.8726962,0,-99.6094
1788018366.968522,0,-101.3672
1788018367.080569,0,-103.1250
1788018367.176587,0,-104.8828
1788018367.272473,0,-106.3477
1788018367.368541,0,-107.5195
1788018367.4806132,0,-108.9844
1788018367.576706,0,-109.8633
1788018367.672462,0,-110.1563
1788018367.784496,0,-111.0352
1788018367.880618,0,-110.7422
1788018367.976651,0,-111.0352
1788018368.072523,0,-111.0352
1788018368.184552,0,-110.4492
1788018368.280583,0,-108.9844
1788018368.376597,0,-108.6914
1788018368.472546,0,-107.2266
1788018368.5684092,0,-105.1758
1788018368.680474,0,-102.8320
1788018368.77658,0,-100.4883
1788018368.8726249,0,-98.4375
1788018368.984571,0,-96.0938
1788018369.080522,0,-94.3359
1788018369.176476,0,-92.2852
1788018369.272388,0,-90.2344
1788018369.3845792,0,-87.8906
1788018369.480646,0,-85.5469
1788018369.5765219,0,-84.0820
1788018369.672481,0,-82.0312
1788018369.7845051,0,-79.6875
1788018369.880399,0,-78.2227
1788018369.976437,0,-76.1719
1788018370.072393,0,-75.5859
1788018370.1682692,0,-74.4141
1788018370.280341,0,-73.2422
1788018370.3764741,0,-72.0703
1788018370.4723399,0,-70.3125
1788018370.5845041,0,-68.8477
1788018370.680363,0,-67.3828
1788018370.7763891,0,-66.2109
1788018370.872372,0,-64.4531
1788018370.98453,0,-62.4023
1788018371.080456,0,-60.3516
1788018371.176507,0,-58.8867
1788018371.2722821,0,-57.4219
1788018371.368204,0,-55.6641
1788018371.48042,0,-53.6133
1788018371.5763571,0,-50.6836
1788018371.672374,0,-48.6328
1788018371.784278,0,-45.7031
1788018371.8804889,0,-43.6523
1788018371.9763288,0,-41.3086
1788018372.072326,0,-38.9648
1788018372.168276,0,-37.2070
1788018372.280253,0,-34.5703
1788018372.37635,0,-32.2266
1788018372.472297,0,-30.1758
1788018372.568208,0,-28.4180
1788018372.680253,0,-26.3672
1788018372.776277,0,-24.6094
1788018372.872266,0,-23.1445
1788018372.984247,0,-20.8008
1788018373.080273,0,-18.7500
1788018373.1762502,0,-16.4062
1788018373.272305,0,-13.7695
1788018373.368157,0,-12.3047
1788018373.480271,0,-10.5469
1788018373.576266,0,-8.2031
1788018373.672144,0,-6.1523
1788018373.768221,0,-3.8086
1788018373.8802292,0,-2.0508
1788018373.97628,0,0.2930
1788018374.072196,0,1.4648
1788018374.1681752,0,3.5156
1788018374.280129,0,6.1523
1788018374.376223,0,8.2031
1788018374.4721699,0,9.9609
1788018374.584204,0,12.3047
1788018374.680208,0,15.8203
1788018374.776074,0,18.4570
1788018374.8721821,0,20.2148
1788018374.984132,0,22.8516
1788018375.080181,0,24.9023
1788018375.176152,0,26.0742
1788018375.272157,0,27.5391
1788018375.3840818,0,28.4180
1788018375.480202,0,29.5898
1788018375.576148,0,31.0547
1788018375.672195,0,32.5195
1788018375.7680142,0,33.3984
1788018375.880191,0,33.3984
1788018375.976285,0,33.6914
1788018376.0721338,0,33.3984
1788018376.1681569,0,33.3984
1788018376.280016,0,33.3984
1788018376.376214,0,32.2266
1788018376.472081,0,31.9336
1788018376.584239,0,30.4688
1788018376.6800032,0,28.1250
1788018376.7760599,0,25.4883
1788018376.872017,0,21.6797
1788018376.968093,0,18.1641
1788018377.0801768,0,13.7695
1788018377.176096,0,10.5469
1788018377.2721128,0,8.4961
1788018377.384127,0,6.1523
1788018377.480085,0,3.5156
1788018377.575996,0,1.7578
1788018377.672055,0,-1.1719
1788018377.767998,0,-3.8086
1788018377.880047,0,-7.9102
1788018377.975996,0,-10.8398
1788018378.072083,0,-12.8906
1788018378.1679978,0,-15.8203
1788018378.2799308,0,-19.0430
1788018378.376086,0,-21.6797
1788018378.472024,0,-24.0234
1788018378.5841,0,-26.6602
1788018378.6798751,0,-29.0039
1788018378.775967,0,-31.3477
1788018378.871949,0,-33.3984
1788018378.967957,0,-34.8633
1788018379.0800729,0,-36.6211
1788018379.17589,0,-38.3789
1788018379.2719948,0,-39.2578
1788018379.36785,0,-40.7227
1788018379.480046,0,-41.8945
1788018379.5759401,0,-42.7734
1788018379.671936,0,-42.7734
1788018379.7678652,0,-42.7734
1788018379.879952,0,-43.0664
1788018379.975907,0,-43.0664
1788018380.071841,0,-43.0664
1788018380.184067,0,-43.0664
1788018380.279936,0,-43.0664
1788018380.375904,0,-43.0664
1788018380.471885,0,-43.0664
1788018380.567839,0,-43.0664
1788018380.679911,0,-43.0664
1788018380.775869,0,-43.3594
1788018380.872038,0,-43.0664
1788018380.967874,0,-43.0664
1788018381.079882,0,-43.0664
1788018381.1757529,0,-42.7734
1788018381.2719202,0,-43.0664
1788018381.3678238,0,-43.0664
1788018381.479968,0,-43.0664
1788018381.5758562,0,-43.0664
1788018381.6718562,0,-43.0664
1788018381.783914,0,-43.0664
1788018381.8798342,0,-42.7734
1788018381.975808,0,-43.0664
1788018382.071787,0,-43.0664
1788018382.183852,0,-43.0664
1788018382.2797928,0,-43.0664
1788018382.3757849,0,-43.0664
1788018382.471817,0,-43.0664
1788018382.583849,0,-43.0664
1788018382.6797912,0,-43.0664
1788018382.775779,0,-43.0664
1788018382.871687,0,-42.7734
1788018382.98393,0,-42.7734
1788018383.079696,0,-43.0664
1788018383.1757271,0,-43.0664
1788018383.271779,0,-43.0664
1788018383.367627,0,-43.0664
1788018383.479745,0,-43.0664
1788018383.575712,0,-43.0664
1788018383.671702,0,-43.0664
1788018383.783846,0,-43.0664
1788018383.879696,0,-43.0664
1788018383.9757462,0,-43.0664
1788018384.0717518,0,-43.0664
1788018384.183842,0,-43.0664
1788018384.2796931,0,-43.0664
1788018384.375715,0,-43.0664
1788018384.47171,0,-43.0664
1788018384.58381,0,-43.0664
1788018384.679632,0,-42.7734
1788018384.775632,0,-43.0664
1788018384.871757,0,-43.0664
1788018384.983741,0,-43.0664
1788018385.0798159,0,-43.0664
1788018385.175612,0,-43.0664
1788018385.2715662,0,-43.0664
1788018385.383817,0,-43.0664
1788018385.479549,0,-43.0664
1788018385.575753,0,-43.0664
1788018385.671592,0,-43.0664
1788018385.7675562,0,-43.0664
1788018385.879601,0,-43.0664
1788018385.9755101,0,-43.0664
1788018386.071557,0,-43.0664
1788018386.183777,0,-43.0664
1788018386.2794812,0,-43.0664
1788018386.375715,0,-43.0664
1788018386.471555,0,-43.0664
1788018386.567602,0,-43.0664
1788018386.679612,0,-42.7734
1788018386.7755342,0,-43.0664
1788018386.871566,0,-43.0664
1788018386.9675431,0,-43.0664
1788018387.079594,0,-43.0664
1788018387.175543,0,-43.0664
1788018387.271532,0,-43.0664
1788018387.383702,0,-43.0664
1788018387.47958,0,-43.0664
1788018387.575566,0,-43.0664
1788018387.671502,0,-42.1875
1788018387.783626,0,-42.7734
1788018387.879612,0,-43.0664
1788018387.975532,0,-42.7734
1788018388.07141,0,-43.0664
1788018388.183595,0,-43.0664
1788018388.2793658,0,-43.0664
1788018388.3754601,0,-43.0664
1788018388.4714282,0,-43.0664
1788018388.583593,0,-43.0664
1788018388.679577,0,-43.0664
1788018388.775392,0,-42.7734
1788018388.871371,0,-43.0664
1788018388.983584,0,-43.0664
1788018389.079521,0,-43.0664
1788018389.1753778,0,-43.0664
1788018389.2714822,0,-43.0664
1788018389.367319,0,-43.0664
1788018389.4793642,0,-43.0664
1788018389.575448,0,-42.7734
1788018389.671464,0,-43.0664
1788018389.783499,0,-43.0664
1788018389.879544,0,-42.7734
1788018389.975431,0,-43.0664
1788018390.071313,0,-43.0664
1788018390.167368,0,-43.0664
1788018390.279447,0,-43.0664
1788018390.375332,0,-42.7734
1788018390.471272,0,-43.0664
1788018390.5673249,0,-43.0664
1788018390.67925,0,-43.0664
1788018390.775285,0,-42.7734
1788018390.871284,0,-42.7734
1788018390.983516,0,-43.0664
1788018391.0793478,0,-43.0664
1788018391.1752372,0,-42.7734
1788018391.271311,0,-43.0664
1788018391.383473,0,-43.0664
1788018391.47948,0,-43.0664
1788018391.5753741,0,-43.0664
1788018391.6716669,0,-42.7734
1788018391.783432,0,-43.0664
1788018391.879427,0,-43.0664
1788018391.9752362,0,-43.0664
1788018392.071491,0,-43.0664
1788018392.183379,0,-43.0664
1788018392.2791848,0,-43.0664
1788018392.375242,0,-43.0664
1788018392.471193,0,-43.0664
1788018392.583324,0,-43.0664
1788018392.679254,0,-43.0664
1788018392.775211,0,-43.0664
1788018392.871242,0,-43.0664
1788018392.9833112,0,-43.0664
1788018393.079196,0,-42.7734
1788018393.1751308,0,-43.0664
1788018393.271105,0,-43.0664
1788018393.383275,0,-43.0664
1788018393.4793012,0,-43.0664
1788018393.575234,0,-42.7734
1788018393.671206,0,-42.7734
1788018393.767096,0,-42.7734
1788018393.8793118,0,-42.7734
1788018393.9750662,0,-42.7734
1788018394.0711,0,-42.7734
1788018394.183288,0,-43.0664
1788018394.279165,0,-43.0664
1788018394.375159,0,-43.0664
1788018394.471102,0,-43.0664
1788018394.567134,0,-43.0664
1788018394.679083,0,-43.0664
1788018394.775106,0,-43.0664
1788018394.87118,0,-43.0664
1788018394.983219,0,-43.0664
1788018395.079197,0,-42.7734
1788018395.175081,0,-43.0664
1788018395.271122,0,-43.6523
1788018395.367019,0,-43.0664
1788018395.479202,0,-43.0664
1788018395.575138,0,-43.0664
1788018395.671077,0,-42.7734
1788018395.783222,0,-43.0664
1788018395.879179,0,-43.0664
1788018395.975053,0,-43.0664
1788018396.071043,0,-43.0664
1788018396.1831932,0,-42.7734
1788018396.279212,0,-43.0664
1788018396.3749819,0,-43.0664
1788018396.4710138,0,-43.0664
1788018396.583114,0,-43.0664
1788018396.678962,0,-43.0664
1788018396.774923,0,-43.0664
1788018396.870959,0,-42.7734
1788018396.982975,0,-43.0664
1788018397.079113,0,-43.0664
1788018397.174935,0,-43.0664
1788018397.270875,0,-43.0664
1788018397.3669288,0,-43.0664
1788018397.478976,0,-43.0664
1788018397.5749178,0,-43.0664
1788018397.670927,0,-42.7734
1788018397.782969,0,-43.0664
1788018397.879056,0,-43.0664
1788018397.9749372,0,-43.0664
1788018398.070936,0,-43.0664
1788018398.1831732,0,-43.0664
1788018398.27897,0,-43.0664
1788018398.374912,0,-43.0664
1788018398.470894,0,-43.0664
1788018398.583062,0,-42.7734
1788018398.67902,0,-43.0664
1788018398.775025,0,-43.0664
1788018398.870857,0,-43.0664
1788018398.983062,0,-43.0664
1788018399.079029,0,-43.0664
1788018399.1748009,0,-43.0664
1788018399.270876,0,-43.0664
1788018399.38305,0,-43.0664
1788018399.478936,0,-43.0664
1788018399.5748029,0,-43.0664
1788018399.670773,0,-43.0664
1788018399.7668412,0,-43.0664
1788018399.8789601,0,-43.0664
1788018399.974845,0,-43.0664
1788018400.070882,0,-43.0664
1788018400.1829739,0,-43.0664
1788018400.2788732,0,-43.0664
1788018400.374851,0,-43.3594
1788018400.470751,0,-43.0664
1788018400.5829818,0,-43.0664
1788018400.678856,0,-43.0664
1788018400.774722,0,-43.0664
1788018400.870751,0,-43.0664
1788018400.9668422,0,-43.0664
1788018401.0789142,0,-43.0664
1788018401.174737,0,-42.7734
1788018401.270818,0,-43.0664
1788018401.382882,0,-43.0664
1788018401.478765,0,-43.0664
1788018401.5748448,0,-43.0664
1788018401.6706848,0,-43.0664
1788018401.7827358,0,-43.0664
1788018401.8788638,0,-43.0664
1788018401.9747741,0,-43.0664
1788018402.070636,0,-43.0664
1788018402.166678,0,-43.0664
1788018402.278829,0,-43.0664
1788018402.374648,0,-43.0664
1788018402.470763,0,-43.0664
1788018402.582859,0,-43.0664
1788018402.6787798,0,-43.0664
1788018402.775593,0,-43.0664
1788018402.870702,0,-43.0664
1788018402.982835,0,-43.0664
1788018403.0787761,0,-42.7734
1788018403.17455,0,-43.0664
1788018403.27059,0,-43.0664
1788018403.382719,0,-42.7734
1788018403.478681,0,-43.0664
1788018403.574656,0,-43.0664
1788018403.670614,0,-43.0664
1788018403.766658,0,-43.0664
1788018403.8786979,0,-43.0664
1788018403.975722,0,-43.0664
1788018404.0706072,0,-43.0664
1788018404.182644,0,-43.0664
1788018404.278599,0,-43.0664
1788018404.374641,0,-43.0664
1788018404.470573,0,-43.0664
1788018404.582685,0,-43.0664
1788018404.678637,0,-43.0664
1788018404.7746959,0,-43.0664
1788018404.8705962,0,-43.0664
1788018404.9827268,0,-43.0664
1788018405.0785222,0,-43.0664
1788018405.174464,0,-43.0664
1788018405.286526,0,-43.0664
1788018405.382648,0,-43.0664
1788018405.4786031,0,-43.0664
1788018405.5745971,0,-43.0664
1788018405.686562,0,-43.0664
1788018405.76645,0,-43.0664
1788018405.878557,0,-43.0664
1788018405.974598,0,-43.0664
1788018406.070634,0,-43.3594
1788018406.1826718,0,-43.0664
1788018406.27855,0,-43.0664
1788018406.374519,0,-43.0664
1788018406.4705238,0,-43.0664
1788018406.582653,0,-42.7734
1788018406.6784089,0,-43.0664
1788018406.774474,0,-43.0664
1788018406.886585,0,-43.0664
1788018406.982549,0,-43.0664
1788018407.078568,0,-43.0664
1788018407.174473,0,-43.0664
1788018433.161043,1,-30.1758
1788018433.257083,1,-30.1758
1788018433.353089,1,-30.1758
1788018433.4651752,1,-30.1758
1788018433.5610821,1,-30.1758
1788018433.657033,1,-30.1758
1788018433.753098,1,-30.1758
1788018433.865227,1,-30.1758
1788018433.961306,1,-30.1758
1788018434.057166,1,-30.1758
1788018434.153018,1,-30.1758
1788018434.248993,1,-30.1758
1788018434.3610082,1,-30.1758
1788018434.457115,1,-30.1758
1788018434.553039,1,-30.1758
1788018434.665118,1,-30.1758
1788018434.761059,1,-30.1758
1788018434.856964,1,-30.1758
1788018434.953151,1,-30.1758
1788018435.064984,1,-30.1758
1788018435.160924,1,-30.1758
1788018435.2569191,1,-30.1758
1788018435.35292,1,-32.5195
1788018435.464909,1,-32.8125
1788018435.5610828,1,-32.8125
1788018435.656986,1,-33.1055
1788018435.7528949,1,-34.5703
1788018435.865058,1,-36.0352
1788018435.961118,1,-37.2070
1788018436.05702,1,-38.3789
1788018436.152967,1,-39.8438
1788018436.2650828,1,-39.8438
1788018436.361012,1,-39.8438
1788018436.456918,1,-39.8438
1788018436.552999,1,-39.8438
1788018436.6488268,1,-41.3086
1788018436.761003,1,-43.9453
1788018436.856975,1,-45.7031
1788018436.9529028,1,-46.2891
1788018437.04896,1,-46.5820
1788018437.160987,1,-46.5820
1788018437.256951,1,-46.5820
1788018437.352787,1,-46.5820
1788018437.465044,1,-46.5820
1788018437.560899,1,-46.5820
1788018437.656928,1,-46.5820
1788018437.7527628,1,-46.5820
1788018437.864773,1,-45.1172
1788018437.961262,1,-44.5312
1788018438.05692,1,-44.5312
1788018438.1528041,1,-44.2383
1788018438.264889,1,-44.2383
1788018438.360785,1,-44.2383
1788018438.4569302,1,-43.9453
1788018438.5528262,1,-41.0156
1788018438.648857,1,-38.0859
1788018438.7609332,1,-35.4492
1788018438.857064,1,-32.8125
1788018438.952791,1,-29.8828
1788018439.0649889,1,-27.8320
1788018439.160801,1,-25.1953
1788018439.2567182,1,-22.2656
1788018439.352715,1,-19.9219
1788018439.464975,1,-16.9922
1788018439.560996,1,-14.0625
1788018439.6568909,1,-11.1328
1788018439.752684,1,-9.0820
1788018439.864973,1,-4.9805
1788018439.960942,1,-1.4648
1788018440.05689,1,0.8789
1788018440.152808,1,3.2227
1788018440.264837,1,5.5664
1788018440.3608918,1,9.3750
1788018440.456841,1,12.3047
1788018440.552671,1,15.2344
1788018440.648588,1,17.8711
1788018440.7608619,1,21.0938
1788018440.8567328,1,24.3164
1788018440.9528089,1,26.6602
1788018441.064687,1,30.1758
1788018441.160692,1,33.3984
1788018441.256779,1,36.3281
1788018441.352604,1,38.3789
1788018441.448587,1,40.7227
1788018441.560719,1,43.9453
1788018441.6567922,1,46.5820
1788018441.7525382,1,48.9258
1788018441.864788,1,51.8555
1788018441.960613,1,54.1992
1788018442.056756,1,54.4922
1788018442.1527581,1,54.7852
1788018442.248516,1,54.7852
1788018442.3605819,1,54.7852
1788018442.456747,1,54.7852
1788018442.5526679,1,54.7852
1788018442.664613,1,54.7852
1788018442.760545,1,54.7852
1788018442.856558,1,54.7852
1788018442.9526799,1,54.4922
1788018443.064533,1,53.3203
1788018443.1604888,1,52.7344
1788018443.2566998,1,52.7344
1788018443.3526468,1,49.5117
1788018443.464579,1,46.5820
1788018443.560739,1,43.6523
1788018443.656544,1,39.8438
1788018443.7525818,1,37.2070
1788018443.848599,1,33.3984
1788018443.9606369,1,29.5898
1788018444.056711,1,26.6602
1788018444.152566,1,22.8516
1788018444.264492,1,19.0430
1788018444.3606322,1,15.8203
1788018444.456608,1,12.3047
1788018444.5524192,1,9.6680
1788018444.664532,1,5.5664
1788018444.760548,1,3.5156
1788018444.856608,1,0.8789
1788018444.952397,1,-1.4648
1788018445.064516,1,-4.3945
1788018445.1606421,1,-6.7383
1788018445.256997,1,-8.4961
1788018445.3525279,1,-10.5469
1788018445.4644532,1,-12.3047
1788018445.560606,1,-14.9414
1788018445.656588,1,-16.9922
1788018445.7525299,1,-18.7500
1788018445.848366,1,-20.2148
1788018445.960371,1,-21.6797
1788018446.0563998,1,-23.7305
1788018446.1523972,1,-25.4883
1788018446.2482948,1,-27.5391
1788018446.360461,1,-28.1250
1788018446.456497,1,-28.1250
1788018446.552331,1,-28.4180
1788018446.648347,1,-28.4180
1788018446.760556,1,-28.4180
1788018446.8614771,1,-28.4180
1788018446.952374,1,-28.4180
1788018447.04838,1,-29.0039
1788018447.1604989,1,-29.8828
1788018447.256507,1,-30.7617
1788018447.352246,1,-31.9336
1788018447.4644501,1,-32.2266
1788018447.560389,1,-32.2266
1788018447.656373,1,-32.2266
1788018447.752287,1,-31.9336
1788018447.864463,1,-31.6406
1788018447.960383,1,-31.6406
1788018448.0564108,1,-31.6406
1788018448.1523688,1,-31.9336
1788018448.248199,1,-31.6406
1788018448.3603358,1,-31.6406
1788018448.456347,1,-31.6406
1788018448.5522099,1,-31.6406
1788018448.648225,1,-31.6406
1788018448.7604558,1,-31.6406
1788018448.8563359,1,-31.6406
1788018448.95221,1,-31.6406
1788018449.064405,1,-31.6406
1788018449.160278,1,-31.9336
1788018449.256351,1,-31.6406
1788018449.3522198,1,-31.6406
1788018449.448205,1,-31.6406
1788018449.5603461,1,-31.6406
1788018449.6562188,1,-31.6406
1788018449.752177,1,-31.6406
1788018449.8642979,1,-31.6406
1788018449.960285,1,-31.6406
1788018450.056297,1,-31.9336
1788018450.152277,1,-31.6406
1788018450.2484338,1,-31.6406
1788018450.360266,1,-31.6406
1788018450.4561112,1,-31.6406
1788018450.552089,1,-31.6406
1788018450.648064,1,-31.6406
1788018450.7600808,1,-31.6406
1788018450.856338,1,-31.6406
1788018450.95211,1,-31.6406
1788018451.048154,1,-31.6406
1788018451.1602528,1,-31.6406
1788018451.256075,1,-31.9336
1788018451.3520892,1,-31.6406
1788018451.464303,1,-31.6406
1788018451.5601568,1,-31.6406
1788018451.6561081,1,-31.6406
1788018451.752115,1,-31.6406
1788018451.864556,1,-31.6406
1788018451.960175,1,-31.6406
1788018452.0561368,1,-31.6406
1788018452.152056,1,-31.6406
1788018452.264142,1,-31.6406
1788018452.3602529,1,-31.6406
1788018452.456154,1,-31.6406
1788018452.5520508,1,-31.6406
1788018452.664004,1,-31.6406
1788018452.760001,1,-31.6406
1788018452.856139,1,-31.6406
1788018452.9524229,1,-31.6406
1788018453.0641322,1,-31.9336
1788018453.1599412,1,-31.9336
1788018453.255986,1,-31.9336
1788018453.352064,1,-31.6406
1788018453.4640021,1,-31.6406
1788018453.5601091,1,-31.6406
1788018453.656099,1,-31.6406
1788018453.752,1,-31.6406
1788018453.863987,1,-31.6406
1788018453.960279,1,-31.6406
1788018454.05601,1,-31.6406
1788018454.151959,1,-31.6406
1788018454.2640839,1,-31.6406
1788018454.35993,1,-31.6406
1788018454.456032,1,-31.6406
1788018454.552022,1,-31.6406
1788018454.6639528,1,-31.6406
1788018454.760009,1,-31.6406
1788018454.856004,1,-31.6406
1788018454.9519832,1,-31.6406
1788018455.047863,1,-31.6406
1788018455.159999,1,-31.6406
1788018455.2558951,1,-31.6406
1788018455.35184,1,-31.6406
1788018455.46402,1,-31.6406
1788018455.560132,1,-31.6406
1788018455.6559691,1,-31.6406
1788018455.752,1,-31.6406
1788018455.8639889,1,-31.6406
1788018455.959946,1,-31.6406
1788018456.0559459,1,-31.6406
1788018456.151969,1,-31.6406
1788018456.263894,1,-31.6406
1788018456.359883,1,-31.6406
1788018456.455956,1,-31.9336
1788018456.551832,1,-31.6406
1788018456.6638641,1,-31.6406
1788018456.759818,1,-31.6406
1788018456.856011,1,-31.6406
1788018456.95196,1,-31.9336
1788018457.0639172,1,-31.6406
1788018457.1598709,1,-31.6406
1788018457.2558908,1,-31.6406
1788018457.351943,1,-31.9336
1788018457.463934,1,-31.9336
1788018457.55993,1,-31.6406
1788018457.6558871,1,-31.6406
1788018457.751851,1,-31.6406
1788018457.8637922,1,-31.6406
1788018457.959913,1,-31.6406
1788018458.055993,1,-31.6406
1788018458.151675,1,-31.6406
1788018458.247666,1,-31.6406
1788018458.3598468,1,-31.6406
1788018458.455808,1,-31.6406
1788018458.551766,1,-31.6406
1788018458.647753,1,-31.6406
1788018458.7596622,1,-31.6406
1788018458.855832,1,-31.6406
1788018458.951796,1,-31.6406
1788018459.0636501,1,-31.6406
1788018459.159979,1,-31.6406
1788018459.255818,1,-31.6406
1788018459.351794,1,-31.6406
1788018459.463785,1,-31.6406
1788018459.559804,1,-31.6406
1788018459.65571,1,-31.6406
1788018459.7517629,1,-31.6406
1788018459.863725,1,-31.6406
1788018459.959637,1,-31.9336
1788018460.0558279,1,-31.6406
1788018460.151767,1,-31.6406
1788018460.263767,1,-31.6406
1788018460.35985,1,-31.6406
1788018460.455864,1,-31.6406
1788018460.551732,1,-31.6406
1788018460.66382,1,-31.6406
1788018460.759664,1,-31.6406
1788018460.8557482,1,-31.6406
1788018460.9517329,1,-31.9336
1788018461.0475268,1,-31.6406
1788018461.1596868,1,-31.9336
1788018461.2557812,1,-31.9336
1788018461.351649,1,-31.9336
1788018461.4636512,1,-31.9336
1788018461.559724,1,-31.6406
1788018461.655749,1,-31.6406
1788018461.751658,1,-31.6406
1788018461.8476632,1,-31.6406
1788018461.959745,1,-31.6406
1788018462.0557399,1,-31.6406
1788018462.1515799,1,-31.6406
1788018462.2475462,1,-31.6406
1788018462.359738,1,-31.6406
1788018462.455719,1,-31.6406
1788018462.5515919,1,-31.6406
1788018462.663577,1,-31.6406
1788018462.759706,1,-31.6406
1788018462.855675,1,-31.6406
1788018462.95162,1,-31.6406
1788018463.047528,1,-31.6406
1788018463.159484,1,-31.6406
1788018463.255564,1,-31.6406
1788018463.351567,1,-31.6406
1788018463.447579,1,-31.6406
1788018463.559493,1,-31.6406
1788018463.655544,1,-31.6406
1788018463.751507,1,-31.6406
1788018463.8634,1,-31.6406
1788018463.959477,1,-31.6406
1788018464.0556102,1,-31.6406
1788018464.151505,1,-31.6406
1788018464.263406,1,-31.6406
1788018464.359375,1,-31.6406
1788018464.455565,1,-31.6406
1788018464.5514612,1,-31.6406
1788018464.663618,1,-31.6406
1788018464.759391,1,-31.6406
1788018464.855593,1,-31.6406
1788018464.951506,1,-31.6406
1788018465.063433,1,-31.6406
1788018465.15941,1,-31.6406
1788018465.255525,1,-31.6406
1788018465.3514519,1,-31.6406
1788018465.4633448,1,-31.6406
1788018465.559433,1,-31.6406
1788018465.6555,1,-31.6406
1788018465.751296,1,-31.6406
1788018465.847274,1,-31.6406
1788018465.959502,1,-31.6406
1788018466.055425,1,-31.9336
1788018466.151478,1,-31.6406
1788018466.2633228,1,-31.6406
1788018466.359515,1,-31.6406
1788018466.4552991,1,-31.6406
1788018466.55141,1,-31.6406
1788018466.647347,1,-31.6406
1788018466.7592802,1,-31.9336
1788018466.8553758,1,-31.6406
1788018466.9514601,1,-31.6406
1788018467.063369,1,-31.6406
1788018467.1594272,1,-31.6406
1788018467.255382,1,-31.6406
1788018467.351516,1,-31.6406
1788018467.4632819,1,-31.6406
1788018467.559387,1,-31.6406
1788018467.655423,1,-31.6406
1788018467.751413,1,-31.6406
1788018467.8472161,1,-31.6406
1788018467.9593549,1,-31.6406
1788018468.055351,1,-31.6406
1788018468.151211,1,-31.6406
1788018468.2632189,1,-31.6406
1788018468.359379,1,-31.6406
1788018468.4553442,1,-31.6406
1788018468.551302,1,-31.9336
1788018468.6472042,1,-31.6406
1788018468.7591639,1,-31.6406
1788018468.855257,1,-31.6406
1788018468.951274,1,-31.6406
1788018469.063135,1,-31.6406
1788018469.1591702,1,-31.6406
1788018469.2551858,1,-31.6406
1788018469.351291,1,-31.6406
1788018469.463198,1,-31.6406
1788018469.5593238,1,-31.6406
1788018469.655149,1,-31.6406
1788018469.751173,1,-31.6406
1788018469.863474,1,-31.6406
1788018469.9591732,1,-31.6406
1788018470.055308,1,-31.6406
1788018485.6254861,2,-44.5312
1788018485.7216341,2,-44.5312
1788018485.817324,2,-44.5312
1788018485.9294221,2,-44.2383
1788018486.0254662,2,-44.5312
1788018486.121415,2,-44.5312
1788018486.2174149,2,-44.5312
1788018486.3292422,2,-44.5312
1788018486.425447,2,-44.5312
1788018486.5215518,2,-44.5312
1788018486.61726,2,-44.5312
1788018486.71321,2,-44.5312
1788018486.825365,2,-44.5312
1788018486.921365,2,-44.5312
1788018487.017192,2,-44.5312
1788018487.129216,2,-44.5312
1788018487.2252648,2,-44.5312
1788018487.321534,2,-44.5312
1788018487.417203,2,-44.5312
1788018487.513216,2,-44.5312
1788018487.625313,2,-44.5312
1788018487.7212548,2,-44.5312
1788018487.817236,2,-44.5312
1788018487.913087,2,-44.5312
1788018488.025297,2,-44.5312
1788018488.121372,2,-44.5312
1788018488.21722,2,-44.5312
1788018488.313139,2,-44.2383
1788018488.425201,2,-44.5312
1788018488.521199,2,-44.8242
1788018488.617167,2,-44.5312
1788018488.71313,2,-44.8242
1788018488.8252401,2,-44.8242
1788018488.921132,2,-44.8242
1788018489.0172029,2,-45.1172
1788018489.113098,2,-47.1680
1788018489.2252328,2,-51.2695
1788018489.3215392,2,-54.1992
1788018489.417108,2,-57.1289
1788018489.529118,2,-60.6445
1788018489.62518,2,-62.1094
1788018489.721378,2,-62.4023
1788018489.817149,2,-62.1094
1788018489.913022,2,-62.1094
1788018490.025176,2,-62.4023
1788018490.121279,2,-62.1094
1788018490.217056,2,-62.1094
1788018490.3290071,2,-62.1094
1788018490.425097,2,-62.1094
1788018490.521249,2,-62.1094
1788018490.617118,2,-61.8164
1788018490.712948,2,-61.8164
1788018490.8252149,2,-61.8164
1788018490.921104,2,-61.8164
1788018491.017088,2,-61.8164
1788018491.112989,2,-61.8164
1788018491.225178,2,-61.8164
1788018491.3211808,2,-61.8164
1788018491.416976,2,-61.8164
1788018491.5292218,2,-60.0586
1788018491.625129,2,-58.0078
1788018491.721141,2,-56.2500
1788018491.8171,2,-54.4922
1788018491.912909,2,-52.1484
1788018492.025047,2,-50.0977
1788018492.121071,2,-47.7539
1788018492.216917,2,-45.7031
1788018492.32942,2,-43.3594
1788018492.424971,2,-40.4297
1788018492.5216708,2,-38.6719
1788018492.6171079,2,-37.2070
1788018492.730326,2,-34.5703
1788018492.825064,2,-31.9336
1788018492.9209259,2,-29.5898
1788018493.016906,2,-27.2461
1788018493.112863,2,-25.7813
1788018493.224905,2,-23.1445
1788018493.3211432,2,-20.5078
1788018493.416946,2,-17.8711
1788018493.512825,2,-16.1133
1788018493.624841,2,-14.0625
1788018493.720969,2,-12.8906
1788018493.816986,2,-10.8398
1788018493.912877,2,-8.4961
1788018494.0249548,2,-6.4453
1788018494.12093,2,-3.8086
1788018494.216971,2,-2.0508
1788018494.3128262,2,1.1719
1788018494.424899,2,3.2227
1788018494.52112,2,5.2734
1788018494.6169221,2,7.9102
1788018494.728805,2,9.9609
1788018494.82483,2,11.7188
1788018494.920806,2,13.4766
1788018495.016844,2,16.6992
1788018495.128819,2,19.0430
1788018495.224778,2,21.6797
1788018495.320839,2,24.9023
1788018495.416843,2,28.4180
1788018495.528794,2,30.4688
1788018495.624796,2,32.5195
1788018495.720747,2,35.4492
1788018495.816851,2,38.3789
1788018495.912866,2,41.3086
1788018496.024843,2,42.7734
1788018496.120926,2,42.7734
1788018496.216885,2,42.4805
1788018496.312646,2,42.7734
1788018496.424742,2,42.7734
1788018496.5209222,2,42.7734
1788018496.616661,2,42.7734
1788018496.728794,2,42.4805
1788018496.824988,2,42.4805
1788018496.920864,2,42.4805
1788018497.0167859,2,42.4805
1788018497.112704,2,40.1367
1788018497.224847,2,36.0352
1788018497.32084,2,32.5195
1788018497.416787,2,29.2969
1788018497.51261,2,25.4883
1788018497.6247098,2,21.9727
1788018497.7206872,2,19.0430
1788018497.81671,2,15.5273
1788018497.928889,2,11.4258
1788018498.024767,2,7.6172
1788018498.1210601,2,4.3945
1788018498.216699,2,0.8789
1788018498.32864,2,-2.9297
1788018498.4246552,2,-6.4453
1788018498.520622,2,-10.5469
1788018498.616651,2,-13.4766
1788018498.728687,2,-17.5781
1788018498.8246799,2,-21.6797
1788018498.9205859,2,-25.1953
1788018499.016566,2,-28.1250
1788018499.128754,2,-31.3477
1788018499.224658,2,-34.2773
1788018499.320641,2,-36.6211
1788018499.416628,2,-37.7930
1788018499.512641,2,-39.8438
1788018499.62473,2,-41.8945
1788018499.720648,2,-43.3594
1788018499.816658,2,-43.9453
1788018499.928577,2,-43.9453
1788018500.0246751,2,-43.6523
1788018500.1206558,2,-43.6523
1788018500.2164931,2,-43.6523
1788018500.31245,2,-43.6523
1788018500.4246888,2,-43.6523
1788018500.520638,2,-43.6523
1788018500.616451,2,-43.6523
1788018500.712553,2,-43.6523
1788018500.8246882,2,-43.6523
1788018500.920566,2,-43.6523
1788018501.016593,2,-43.6523
1788018501.128669,2,-43.6523
1788018501.224464,2,-43.6523
1788018501.32063,2,-43.6523
1788018501.4165409,2,-43.6523
1788018501.528576,2,-43.6523
1788018501.624634,2,-43.6523
1788018501.720661,2,-43.6523
1788018501.816545,2,-43.6523
1788018501.9285288,2,-43.6523
1788018502.0245981,2,-43.6523
1788018502.120567,2,-43.6523
1788018502.216573,2,-43.6523
1788018502.312573,2,-43.6523
1788018502.424524,2,-43.9453
1788018502.520593,2,-44.2383
1788018502.616375,2,-44.2383
1788018502.728441,2,-43.6523
1788018502.824557,2,-44.2383
1788018502.920477,2,-44.2383
1788018503.016562,2,-44.2383
1788018503.1284428,2,-44.2383
1788018503.224494,2,-44.2383
1788018503.320532,2,-44.2383
1788018503.4164538,2,-44.2383
1788018503.5124,2,-44.2383
1788018503.624481,2,-45.4102
1788018503.72046,2,-46.2891
1788018503.816478,2,-45.9961
1788018503.9122849,2,-46.2891
1788018504.024527,2,-45.9961
1788018504.1205142,2,-45.9961
1788018504.216515,2,-45.9961
1788018504.328394,2,-45.9961
1788018504.424392,2,-45.9961
1788018504.5204968,2,-45.9961
1788018504.616415,2,-45.9961
1788018504.712207,2,-45.9961
1788018504.824383,2,-45.9961
1788018504.920344,2,-45.9961
1788018505.016363,2,-45.9961
1788018505.128345,2,-45.9961
1788018505.22438,2,-45.9961
1788018505.3203998,2,-45.9961
1788018505.416403,2,-45.9961
1788018505.528385,2,-45.9961
1788018505.624383,2,-45.9961
1788018505.720317,2,-45.9961
1788018505.8164139,2,-45.9961
1788018505.912197,2,-45.9961
1788018506.024329,2,-45.9961
1788018506.120339,2,-45.9961
1788018506.216324,2,-45.9961
1788018506.328267,2,-45.9961
1788018506.424354,2,-45.9961
1788018506.5203478,2,-45.9961
1788018506.616291,2,-45.9961
1788018506.7121458,2,-45.9961
1788018506.8242712,2,-45.9961
1788018506.920248,2,-45.9961
1788018507.016237,2,-45.9961
1788018507.128248,2,-45.9961
1788018507.2242718,2,-45.9961
1788018507.3204029,2,-45.9961
1788018507.4161558,2,-45.9961
1788018507.528241,2,-45.9961
1788018507.6243,2,-45.9961
1788018507.72016,2,-45.9961
1788018507.816097,2,-45.9961
1788018507.9281778,2,-45.9961
1788018508.0241878,2,-45.9961
1788018508.1202939,2,-45.9961
1788018508.216138,2,-45.9961
1788018508.328258,2,-46.2891
1788018508.424215,2,-45.9961
1788018508.520166,2,-45.9961
1788018508.6161642,2,-45.9961
1788018508.712076,2,-45.9961
1788018508.8240352,2,-45.9961
1788018508.920088,2,-45.9961
1788018509.016165,2,-45.9961
1788018509.128042,2,-45.9961
1788018509.224223,2,-45.9961
1788018509.320075,2,-45.9961
1788018509.416079,2,-45.9961
1788018509.528084,2,-45.9961
1788018509.624109,2,-45.9961
1788018509.72015,2,-45.9961
1788018509.816065,2,-45.9961
1788018509.928194,2,-45.9961
1788018510.024148,2,-45.9961
1788018510.120212,2,-45.9961
1788018510.216032,2,-45.9961
1788018510.3281128,2,-45.9961
1788018510.424169,2,-46.2891
1788018510.520111,2,-45.9961
1788018510.6161091,2,-45.9961
1788018510.7118988,2,-45.9961
1788018510.824024,2,-45.9961
1788018510.92007,2,-45.9961
1788018511.016017,2,-45.9961
1788018511.1283,2,-45.9961
1788018511.224097,2,-45.9961
1788018511.320158,2,-45.9961
1788018511.41598,2,-45.9961
1788018511.527946,2,-45.9961
1788018511.6240041,2,-45.9961
1788018511.720135,2,-45.9961
1788018511.816064,2,-45.9961
1788018511.927916,2,-45.9961
1788018512.024023,2,-45.9961
1788018512.119872,2,-45.9961
1788018512.2159538,2,-45.9961
1788018512.3278642,2,-45.9961
1788018512.424028,2,-45.9961
1788018512.520016,2,-45.9961
1788018512.6158059,2,-45.9961
1788018512.728246,2,-45.9961
1788018512.823991,2,-45.9961
1788018512.919872,2,-45.9961
1788018513.015917,2,-45.9961
1788018513.127985,2,-45.9961
1788018513.2239082,2,-45.9961
1788018513.319824,2,-45.9961
1788018513.4158049,2,-45.9961
1788018513.527863,2,-45.9961
1788018513.6239412,2,-45.9961
1788018513.7198489,2,-45.9961
1788018513.815922,2,-45.9961
1788018513.92787,2,-45.9961
1788018514.023923,2,-45.9961
1788018514.1198158,2,-46.2891
1788018514.215904,2,-45.9961
1788018514.327786,2,-45.9961
1788018514.423986,2,-45.9961
1788018514.5198588,2,-46.2891
1788018514.615811,2,-45.9961
1788018514.711688,2,-45.9961
1788018514.823843,2,-45.9961
1788018514.9199271,2,-45.9961
1788018515.015838,2,-45.9961
1788018515.127844,2,-45.9961
1788018515.223976,2,-45.9961
1788018515.319754,2,-45.9961
1788018515.415802,2,-45.9961
1788018515.5278049,2,-45.9961
1788018515.623829,2,-45.9961
1788018515.719754,2,-46.2891
1788018515.8157299,2,-45.9961
1788018515.92786,2,-45.9961
1788018516.023809,2,-45.9961
1788018516.1199338,2,-45.9961
1788018516.2159202,2,-45.9961
1788018516.327761,2,-45.9961
1788018516.4238029,2,-45.9961
1788018516.51976,2,-45.9961
1788018516.6157272,2,-45.9961
1788018516.727639,2,-45.9961
1788018516.823879,2,-45.9961
1788018516.9197,2,-45.9961
1788018517.015661,2,-45.9961
1788018517.111588,2,-45.9961
1788018517.223596,2,-45.9961
1788018517.319607,2,-45.9961
1788018517.41568,2,-45.9961
1788018517.5277781,2,-45.9961
1788018517.623563,2,-45.9961
1788018517.719698,2,-45.9961
1788018517.815666,2,-45.9961
1788018533.513891,3,-11.1328
1788018533.6099148,3,-11.1328
1788018533.705804,3,-11.1328
1788018533.8017411,3,-11.1328
1788018533.913769,3,-10.8398
1788018534.009961,3,-11.1328
1788018534.105946,3,-11.1328
1788018534.21791,3,-11.1328
1788018534.313743,3,-11.1328
1788018534.409716,3,-11.1328
1788018534.5058649,3,-11.1328
1788018534.601841,3,-11.1328
1788018534.713671,3,-11.1328
1788018534.809878,3,-11.1328
1788018534.905827,3,-10.8398
1788018535.0179079,3,-11.1328
1788018535.113748,3,-10.8398
1788018535.2097542,3,-11.1328
1788018535.30572,3,-11.1328
1788018535.4178739,3,-11.1328
1788018535.513654,3,-10.8398
1788018535.6097012,3,-11.1328
1788018535.705638,3,-10.8398
1788018535.801675,3,-11.1328
1788018535.913847,3,-11.1328
1788018536.0096262,3,-11.1328
1788018536.105681,3,-10.8398
1788018536.21767,3,-11.1328
1788018536.313608,3,-11.1328
1788018536.409725,3,-11.1328
1788018536.505669,3,-11.1328
1788018536.61785,3,-11.1328
1788018536.713598,3,-11.1328
1788018536.809641,3,-11.1328
1788018536.905731,3,-11.1328
1788018537.0177479,3,-11.1328
1788018537.1137578,3,-11.1328
1788018537.2096908,3,-11.1328
1788018537.305589,3,-11.1328
1788018537.4177432,3,-11.4258
1788018537.513626,3,-11.4258
1788018537.609525,3,-11.7188
1788018537.705578,3,-13.7695
1788018537.8177788,3,-16.1133
1788018537.9136581,3,-17.8711
1788018538.009656,3,-19.3359
1788018538.10557,3,-21.6797
1788018538.217568,3,-24.3164
1788018538.3135622,3,-27.5391
1788018538.409709,3,-29.5898
1788018538.505636,3,-31.6406
1788018538.6015449,3,-32.8125
1788018538.71363,3,-35.4492
1788018538.809514,3,-36.9141
1788018538.905668,3,-38.9648
1788018539.0176132,3,-40.4297
1788018539.1136682,3,-41.8945
1788018539.209491,3,-42.7734
1788018539.3055859,3,-43.9453
1788018539.417572,3,-45.7031
1788018539.513482,3,-47.4609
1788018539.6097422,3,-49.2188
1788018539.705659,3,-50.6836
1788018539.801517,3,-51.2695
1788018539.9135349,3,-52.7344
1788018540.009483,3,-53.9063
1788018540.1056142,3,-55.3711
1788018540.2176151,3,-56.5430
1788018540.3133812,3,-59.1797
1788018540.409478,3,-60.6445
1788018540.5056262,3,-62.1094
1788018540.617435,3,-63.8672
1788018540.713469,3,-65.6250
1788018540.809556,3,-67.0898
1788018540.905557,3,-69.4336
1788018541.0179079,3,-70.6055
1788018541.113437,3,-71.4844
1788018541.209568,3,-72.9492
1788018541.3054762,3,-74.4141
1788018541.40138,3,-75.8789
1788018541.513386,3,-77.3438
1788018541.6094568,3,-78.8086
1788018541.7055051,3,-80.8594
1788018541.817446,3,-81.7383
1788018541.913453,3,-82.9102
1788018542.009491,3,-84.6680
1788018542.105491,3,-87.0117
1788018542.201352,3,-88.4766
1788018542.313426,3,-89.3555
1788018542.409295,3,-89.9414
1788018542.505354,3,-89.9414
1788018542.61746,3,-89.9414
1788018542.7132769,3,-89.9414
1788018542.809391,3,-89.6484
1788018542.90534,3,-89.3555
1788018543.017421,3,-89.0625
1788018543.1133702,3,-88.7695
1788018543.2094631,3,-88.4766
1788018543.305378,3,-87.0117
1788018543.4173608,3,-84.9609
1788018543.5134249,3,-82.3242
1788018543.609235,3,-80.8594
1788018543.705257,3,-78.5156
1788018543.817264,3,-76.1719
1788018543.913279,3,-74.1211
1788018544.009347,3,-72.3633
1788018544.105345,3,-70.8984
1788018544.217408,3,-69.1406
1788018544.313417,3,-67.0898
1788018544.4093518,3,-65.0391
1788018544.505277,3,-63.2812
1788018544.6173718,3,-61.2305
1788018544.7132459,3,-59.1797
1788018544.8093271,3,-56.5430
1788018544.9052732,3,-55.0781
1788018545.001309,3,-53.0273
1788018545.113291,3,-50.9766
1788018545.2093592,3,-48.9258
1788018545.3052192,3,-47.1680
1788018545.4171898,3,-45.4102
1788018545.513258,3,-43.0664
1788018545.6092548,3,-40.1367
1788018545.705289,3,-37.2070
1788018545.8171961,3,-34.8633
1788018545.91327,3,-32.2266
1788018546.0091121,3,-30.4688
1788018546.1051881,3,-28.4180
1788018546.217201,3,-25.7813
1788018546.3131142,3,-23.4375
1788018546.4091399,3,-21.0938
1788018546.505194,3,-18.1641
1788018546.601095,3,-15.5273
1788018546.713098,3,-12.8906
1788018546.80916,3,-10.2539
1788018546.9050932,3,-9.6680
1788018547.001096,3,-7.0312
1788018547.113078,3,-4.9805
1788018547.209066,3,-2.0508
1788018547.305086,3,0.0000
1788018547.4171588,3,1.4648
1788018547.513174,3,5.2734
1788018547.6091552,3,7.9102
1788018547.705091,3,10.2539
1788018547.8010921,3,13.1836
1788018547.9131289,3,16.6992
1788018548.0091379,3,19.6289
1788018548.105045,3,21.6797
1788018548.217034,3,24.0234
1788018548.313046,3,26.0742
1788018548.409151,3,28.4180
1788018548.505088,3,31.6406
1788018548.617095,3,34.2773
1788018548.712915,3,37.5000
1788018548.809092,3,39.8438
1788018548.905043,3,42.1875
1788018549.017178,3,44.5312
1788018549.113106,3,46.5820
1788018549.208916,3,47.7539
1788018549.305034,3,49.5117
1788018549.416987,3,51.8555
1788018549.513024,3,53.3203
1788018549.608922,3,55.0781
1788018549.705041,3,57.1289
1788018549.8170292,3,59.1797
1788018549.913037,3,61.2305
1788018550.009055,3,63.2812
1788018550.1049669,3,64.1602
1788018550.2170482,3,63.8672
1788018550.31286,3,64.1602
1788018550.409163,3,64.1602
1788018550.504931,3,63.8672
1788018550.6170309,3,63.8672
1788018550.712929,3,63.2812
1788018550.808958,3,62.9883
1788018550.9048908,3,62.9883
1788018551.017039,3,62.4023
1788018551.112873,3,60.6445
1788018551.208873,3,59.4727
1788018551.304867,3,58.3008
1788018551.416977,3,55.9570
1788018551.5129228,3,53.0273
1788018551.60886,3,50.0977
1788018551.7049458,3,48.3398
1788018551.81691,3,46.5820
1788018551.91284,3,44.2383
1788018552.009004,3,42.1875
1788018552.104909,3,40.7227
1788018552.216935,3,38.6719
1788018552.312803,3,37.2070
1788018552.408849,3,34.8633
1788018552.50481,3,32.2266
1788018552.6169238,3,29.5898
1788018552.7127879,3,27.2461
1788018552.808773,3,24.9023
1788018552.904856,3,22.2656
1788018553.01673,3,19.3359
1788018553.112706,3,17.2852
1788018553.208679,3,15.2344
1788018553.304766,3,12.8906
1788018553.416775,3,9.6680
1788018553.51279,3,7.3242
1788018553.608682,3,4.3945
1788018553.7046988,3,1.7578
1788018553.816834,3,0.5859
1788018553.912757,3,-0.8789
1788018554.00871,3,-3.8086
1788018554.104734,3,-6.1523
1788018554.200737,3,-7.9102
1788018554.3127239,3,-9.6680
1788018554.408688,3,-9.9609
1788018554.504766,3,-9.3750
1788018554.6007118,3,-9.9609
1788018554.712681,3,-9.9609
1788018554.808579,3,-9.9609
1788018554.90466,3,-9.9609
1788018555.016803,3,-9.9609
1788018555.112632,3,-9.9609
1788018555.208715,3,-9.9609
1788018555.304522,3,-9.9609
1788018555.416692,3,-9.9609
1788018555.5126112,3,-9.9609
1788018555.6086211,3,-9.9609
1788018555.704597,3,-9.9609
1788018555.816776,3,-9.9609
1788018555.912705,3,-9.9609
1788018556.008697,3,-9.9609
1788018556.104596,3,-9.9609
1788018556.216616,3,-9.9609
1788018556.31258,3,-9.9609
1788018556.408714,3,-9.9609
1788018556.504592,3,-9.9609
1788018556.60058,3,-9.9609
1788018556.712564,3,-9.9609
1788018556.8084779,3,-9.9609
1788018556.904565,3,-9.9609
1788018557.016665,3,-9.9609
1788018557.1126678,3,-9.9609
1788018557.208632,3,-9.9609
1788018557.304544,3,-9.9609
1788018557.416694,3,-9.9609
1788018557.5125818,3,-9.9609
1788018557.608572,3,-9.9609
1788018557.7044601,3,-9.9609
1788018557.800436,3,-9.9609
1788018557.9125729,3,-9.9609
1788018558.00846,3,-10.2539
1788018558.104477,3,-9.9609
1788018558.216429,3,-9.9609
1788018558.312481,3,-9.9609
1788018558.408478,3,-9.9609
1788018558.5044842,3,-9.9609
1788018558.616549,3,-9.9609
1788018558.7124438,3,-9.9609
1788018558.8085608,3,-9.9609
1788018558.9047601,3,-9.9609
1788018559.016376,3,-9.9609
1788018559.1123872,3,-9.9609
1788018559.20852,3,-9.9609
1788018559.3044832,3,-9.9609
1788018559.4165041,3,-9.9609
1788018559.5124328,3,-10.2539
1788018559.608418,3,-9.9609
1788018559.704337,3,-9.9609
1788018559.816591,3,-9.9609
1788018559.912411,3,-9.9609
1788018560.008424,3,-9.9609
1788018560.1043851,3,-9.9609
1788018560.216432,3,-9.9609
1788018560.312376,3,-9.9609
1788018560.4083781,3,-9.9609
1788018560.504448,3,-9.9609
1788018560.6164281,3,-9.9609
1788018560.712357,3,-9.9609
1788018560.808362,3,-9.9609
1788018560.904394,3,-9.9609
1788018561.016377,3,-9.9609
1788018561.1124108,3,-9.9609
1788018561.208339,3,-9.9609
1788018561.3043258,3,-9.9609
1788018561.416506,3,-9.9609
1788018561.512234,3,-9.9609
1788018561.608265,3,-9.9609
1788018561.704372,3,-9.9609
1788018561.816448,3,-9.9609
1788018561.912363,3,-9.9609
1788018562.008419,3,-9.9609
1788018562.1042922,3,-9.9609
1788018562.2163131,3,-9.9609
1788018562.312275,3,-9.9609
1788018562.408193,3,-9.9609
1788018562.5042439,3,-9.9609
1788018562.616308,3,-10.2539
1788018562.712123,3,-10.2539
1788018562.80821,3,-9.9609
1788018562.904242,3,-9.9609
1788018563.016304,3,-9.9609
1788018563.1121962,3,-9.9609
1788018563.208215,3,-9.9609
1788018563.3042529,3,-9.9609
1788018563.400175,3,-9.9609
1788018563.512316,3,-9.9609
1788018563.6081212,3,-9.9609
1788018563.704139,3,-9.9609
1788018563.816227,3,-9.9609
1788018563.9122272,3,-9.9609
1788018564.008193,3,-9.9609
1788018564.104234,3,-9.9609
1788018564.200095,3,-9.9609
1788018564.312193,3,-9.9609
1788018564.408214,3,-9.9609
1788018564.504159,3,-9.9609
1788018564.616141,3,-9.9609
1788018564.712111,3,-9.9609
1788018564.808021,3,-9.9609
1788018564.904118,3,-9.9609
1788018565.0000699,3,-9.9609
1788018565.112195,3,-9.9609
1788018565.208162,3,-9.9609
1788018565.304107,3,-9.9609
1788018565.4161851,3,-9.9609
1788018565.5123358,3,-9.9609
1788018565.608129,3,-9.9609
1788018565.704027,3,-9.9609
1788018565.8000388,3,-9.9609
1788018565.9120798,3,-9.9609
1788018566.0080252,3,-9.9609
1788018566.104046,3,-9.9609
1788018566.2160692,3,-9.9609
1788018566.3119402,3,-9.9609
1788018566.4080598,3,-9.9609
1788018566.504029,3,-9.9609
1788018566.616137,3,-9.9609
1788018566.712095,3,-9.9609
1788018566.8081212,3,-9.9609
1788018566.920193,3,-9.9609
1788018567.01608,3,-9.9609
1788018567.11199,3,-9.9609
1788018567.207944,3,-9.9609
1788018567.304558,3,-9.9609
1788018567.4160771,3,-9.9609
1788018567.5120819,3,-9.9609
1788018567.607987,3,-9.9609
1788018567.703914,3,-9.9609
1788018567.816041,3,-9.9609
1788018567.91194,3,-9.9609
1788018568.0079591,3,-9.9609
1788018568.103856,3,-9.9609
1788018568.21591,3,-9.9609
1788018568.311887,3,-9.9609
1788018568.408027,3,-9.9609
1788018568.503985,3,-9.9609
1788018568.615836,3,-10.2539
1788018568.711835,3,-9.9609
1788018568.807849,3,-9.9609
1788018568.903899,3,-9.9609
1788018568.999864,3,-9.9609
1788018569.111983,3,-9.9609
1788018569.207934,3,-9.9609
1788018569.3199239,3,-9.9609
1788018569.4160151,3,-9.9609
1788018569.511955,3,-9.9609
1788018586.750083,4,84.0820
1788018586.845911,4,84.0820
1788018586.9419048,4,84.0820
1788018587.0540612,4,84.0820
1788018587.149948,4,84.0820
1788018587.245964,4,84.0820
1788018587.3418372,4,84.0820
1788018587.454112,4,84.0820
1788018587.549946,4,84.0820
1788018587.645864,4,84.0820
1788018587.741814,4,84.0820
1788018587.854052,4,84.0820
1788018587.9500139,4,84.0820
1788018588.046008,4,84.0820
1788018588.141827,4,84.0820
1788018588.254109,4,84.0820
1788018588.350087,4,84.0820
1788018588.445777,4,84.0820
1788018588.541846,4,84.0820
1788018588.654021,4,84.0820
1788018588.7497978,4,84.0820
1788018588.845778,4,84.0820
1788018588.941823,4,83.7891
1788018589.0377758,4,83.7891
1788018589.1498282,4,83.7891
1788018589.24574,4,83.7891
1788018589.34186,4,82.9102
1788018589.453887,4,81.4453
1788018589.549809,4,80.5664
1788018589.64587,4,79.6875
1788018589.741886,4,78.2227
1788018589.837771,4,77.3438
1788018589.949816,4,75.5859
1788018590.0458398,4,75.0000
1788018590.1417222,4,74.7070
1788018590.2537549,4,74.7070
1788018590.349667,4,74.7070
1788018590.4457479,4,76.1719
1788018590.5417001,4,77.0508
1788018590.637752,4,77.3438
1788018590.749774,4,77.3438
1788018590.8456771,4,77.3438
1788018590.941799,4,77.3438
1788018591.037652,4,77.3438
1788018591.149827,4,77.3438
1788018591.245619,4,77.3438
1788018591.34166,4,77.3438
1788018591.453774,4,77.3438
1788018591.549856,4,79.1016
1788018591.645696,4,81.7383
1788018591.741673,4,83.2031
1788018591.8376791,4,84.9609
1788018591.94975,4,87.3047
1788018592.0456629,4,89.6484
1788018592.141655,4,91.6992
1788018592.2376242,4,94.6289
1788018592.3496032,4,96.6797
1788018592.4457002,4,98.1445
1788018592.541645,4,99.9023
1788018592.637619,4,100.4883
1788018592.749706,4,100.4883
1788018592.8458712,4,100.7813
1788018592.941582,4,102.8320
1788018593.053714,4,104.5898
1788018593.1497111,4,106.6406
1788018593.245523,4,108.3984
1788018593.341598,4,109.8633
1788018593.453674,4,112.7930
1788018593.549694,4,114.5508
1788018593.645619,4,116.6016
1788018593.74158,4,118.9453
1788018593.853749,4,121.5820
1788018593.949722,4,124.2188
1788018594.0456052,4,126.8555
1788018594.14158,4,128.3203
1788018594.253707,4,130.9570
1788018594.349618,4,133.8867
1788018594.4455528,4,136.5234
1788018594.541455,4,139.4531
1788018594.63758,4,141.2109
1788018594.749465,4,144.1406
1788018594.84541,4,147.3633
1788018594.9414709,4,149.7070
1788018595.053555,4,149.4141
1788018595.149586,4,149.7070
1788018595.2454112,4,35.7422
1788018595.341389,4,34.8633
1788018595.453554,4,35.1562
1788018595.549564,4,35.1562
1788018595.6457338,4,35.1562
1788018595.74146,4,35.1562
1788018595.853605,4,34.8633
1788018595.949481,4,34.8633
1788018596.045483,4,35.1562
1788018596.141433,4,35.1562
1788018596.2535691,4,35.1562
1788018596.349426,4,34.8633
1788018596.445417,4,34.8633
1788018596.5414898,4,34.5703
1788018596.653625,4,35.1562
1788018596.749387,4,35.1562
1788018596.845406,4,34.8633
1788018596.942514,4,35.1562
1788018597.05348,4,35.1562
1788018597.1494,4,34.8633
1788018597.245373,4,35.7422
1788018597.341328,4,35.1562
1788018597.453506,4,35.1562
1788018597.549493,4,35.1562
1788018597.645463,4,35.1562
1788018597.741733,4,35.1562
1788018597.853479,4,35.4492
1788018597.9494212,4,35.1562
1788018598.045414,4,35.1562
1788018598.1412969,4,149.7070
1788018598.253429,4,149.7070
1788018598.349396,4,147.3633
1788018598.445359,4,144.4336
1788018598.541298,4,141.7969
1788018598.6372721,4,139.1602
1788018598.74937,4,136.5234
1788018598.845262,4,133.5938
1788018598.941254,4,130.9570
1788018599.053426,4,127.7344
1788018599.1494029,4,125.6836
1788018599.245203,4,122.1680
1788018599.3412511,4,119.2383
1788018599.4533818,4,116.6016
1788018599.5493171,4,114.5508
1788018599.645247,4,111.6211
1788018599.741168,4,108.6914
1788018599.8532228,4,106.3477
1788018599.9493482,4,107.8125
1788018600.0451992,4,107.8125
1788018600.141223,4,107.8125
1788018600.25327,4,108.1055
1788018600.349302,4,108.1055
1788018600.445235,4,108.1055
1788018600.5412219,4,107.8125
1788018600.637166,4,106.6406
1788018600.749152,4,106.3477
1788018600.845155,4,106.6406
1788018600.941196,4,106.3477
1788018601.0532742,4,106.0547
1788018601.1491358,4,105.1758
1788018601.245099,4,101.6602
1788018601.3412008,4,99.9023
1788018601.43711,4,97.2656
1788018601.549145,4,94.0430
1788018601.64519,4,90.8203
1788018601.741162,4,88.4766
1788018601.853194,4,87.5977
1788018601.949132,4,86.1328
1788018602.045121,4,87.3047
1788018602.1410408,4,87.8906
1788018602.253174,4,87.8906
1788018602.349101,4,87.8906
1788018602.44508,4,86.4258
1788018602.541043,4,85.8398
1788018602.637063,4,86.1328
1788018602.7491982,4,85.8398
1788018602.8450508,4,85.8398
1788018602.941013,4,85.8398
1788018603.037078,4,84.0820
1788018603.1491299,4,84.0820
1788018603.2450361,4,84.9609
1788018603.341032,4,84.6680
1788018603.4532192,4,84.6680
1788018603.549153,4,84.0820
1788018603.6449769,4,84.6680
1788018603.7410948,4,84.6680
1788018603.8531609,4,84.6680
1788018603.9492512,4,84.3750
1788018604.0450618,4,84.3750
1788018604.1409569,4,84.3750
1788018604.253154,4,84.3750
1788018604.349018,4,84.6680
1788018604.444982,4,84.3750
1788018604.540997,4,84.3750
1788018604.653146,4,84.3750
1788018604.749003,4,84.3750
1788018604.844985,4,84.3750
1788018604.9409568,4,84.6680
1788018605.0530381,4,84.3750
1788018605.1491148,4,84.3750
1788018605.2448761,4,84.3750
1788018605.340889,4,84.0820
1788018605.453063,4,84.6680
1788018605.549112,4,84.3750
1788018605.644856,4,84.3750
1788018605.7410188,4,84.3750
1788018605.8530931,4,84.6680
1788018605.948899,4,84.6680
1788018606.045075,4,84.6680
1788018606.1410618,4,84.3750
1788018606.253027,4,84.3750
1788018606.349077,4,84.3750
1788018606.445056,4,84.3750
1788018606.540895,4,84.3750
1788018606.636859,4,84.3750
1788018606.748937,4,84.3750
1788018606.844838,4,84.6680
1788018606.940823,4,84.3750
1788018607.03691,4,84.6680
1788018607.148861,4,84.3750
1788018607.2448819,4,84.3750
1788018607.340836,4,84.3750
1788018607.453006,4,84.3750
1788018607.548932,4,84.3750
1788018607.644829,4,84.3750
1788018607.74075,4,84.6680
1788018607.853039,4,84.6680
1788018607.948982,4,84.6680
1788018608.044876,4,84.6680
1788018608.140706,4,84.3750
1788018608.252748,4,84.3750
1788018608.348893,4,84.6680
1788018608.444851,4,84.6680
1788018608.5409012,4,84.6680
1788018608.652949,4,84.3750
1788018608.7489111,4,84.6680
1788018608.844764,4,84.3750
1788018608.940759,4,84.3750
1788018609.052906,4,84.3750
1788018609.148834,4,84.3750
1788018609.244747,4,84.3750
1788018609.340682,4,84.6680
1788018609.452956,4,84.3750
1788018609.548793,4,84.3750
1788018609.6447139,4,84.3750
1788018609.740646,4,84.3750
1788018609.8367429,4,84.3750
1788018609.9487832,4,84.6680
1788018610.044697,4,84.3750
1788018610.1407008,4,84.3750
1788018610.252845,4,84.3750
1788018610.348788,4,84.3750
1788018610.444948,4,84.3750
1788018610.540704,4,84.3750
1788018610.636684,4,84.3750
1788018610.7489011,4,84.3750
1788018610.844728,4,84.3750
1788018610.940671,4,84.3750
1788018611.052938,4,84.3750
1788018611.148801,4,84.3750
1788018611.24464,4,84.6680
1788018611.340648,4,84.3750
1788018611.452802,4,84.3750
1788018611.5487301,4,84.3750
1788018611.6447208,4,84.3750
1788018611.740706,4,84.3750
1788018611.852791,4,84.3750
1788018611.948692,4,84.6680
1788018612.044689,4,84.3750
1788018612.140682,4,84.3750
1788018612.2528079,4,84.3750
1788018612.348634,4,84.3750
1788018612.4445598,4,84.3750
1788018612.540595,4,84.3750
1788018612.6527061,4,84.3750
1788018612.748671,4,84.3750
1788018612.844713,4,84.3750
1788018612.940484,4,84.3750
1788018613.052628,4,84.3750
1788018613.148622,4,84.3750
1788018613.244502,4,84.6680
1788018613.340464,4,84.6680
1788018613.452588,4,84.6680
1788018613.548482,4,84.3750
1788018613.644431,4,84.3750
1788018613.740475,4,84.3750
1788018613.8365471,4,84.3750
1788018613.9486,4,84.6680
1788018614.0446038,4,84.0820
1788018614.140471,4,84.3750
1788018614.236485,4,84.3750
1788018614.348434,4,84.3750
1788018614.444405,4,84.3750
1788018614.5403929,4,84.3750
1788018614.652447,4,84.3750
1788018614.748527,4,84.6680
1788018614.8443751,4,84.3750
1788018614.940408,4,84.3750
1788018615.0363562,4,84.3750
1788018615.14842,4,84.3750
1788018615.24441,4,84.3750
1788018615.34036,4,84.3750
1788018615.452513,4,84.3750
1788018615.548336,4,84.3750
1788018615.644377,4,84.3750
1788018615.740423,4,84.3750
1788018615.8524978,4,84.6680
1788018615.948598,4,84.3750
1788018616.044328,4,84.3750
1788018616.1404002,4,84.3750
1788018616.252553,4,84.3750
1788018616.3485088,4,84.3750
1788018616.444375,4,84.3750
1788018616.540405,4,84.3750
1788018616.6523259,4,84.3750
1788018616.7483451,4,84.3750
1788018616.8444622,4,84.3750
1788018616.940437,4,84.3750
1788018617.052578,4,84.3750
1788018617.1484191,4,84.3750
1788018617.244286,4,84.3750
1788018617.3404129,4,84.3750
1788018617.452509,4,84.3750
1788018617.5483148,4,84.3750
1788018617.644314,4,84.3750
1788018617.740284,4,84.3750
1788018617.852494,4,84.3750
1788018617.94847,4,84.3750
1788018618.044302,4,84.3750
1788018618.1404018,4,84.3750
1788018618.252383,4,84.3750
1788018618.348324,4,84.3750
1788018618.4441988,4,84.3750
1788018618.5401878,4,84.3750
1788018618.6523561,4,84.3750
1788018618.748307,4,84.3750
1788018618.844238,4,84.3750
1788018618.940296,4,84.6680
1788018619.036219,4,84.3750
1788018619.148422,4,84.3750
1788018619.244164,4,84.3750
1788018619.3402529,4,84.3750
1788018619.452277,4,84.6680
1788018635.3504262,5,-145.6055
1788018635.446353,5,-145.6055
1788018635.5424519,5,-145.6055
1788018635.654322,5,-145.6055
1788018635.7505028,5,-145.6055
1788018635.846379,5,-145.6055
1788018635.942414,5,-145.6055
1788018636.054512,5,-145.6055
1788018636.150282,5,-145.6055
1788018636.2462568,5,-145.6055
1788018636.342405,5,-145.6055
1788018636.4383202,5,-145.6055
1788018636.55042,5,-145.6055
1788018636.646465,5,-145.6055
1788018636.742242,5,-145.6055
1788018636.8384042,5,-145.6055
1788018636.9503942,5,-145.6055
1788018637.046426,5,-145.6055
1788018637.142328,5,-145.6055
1788018637.238237,5,-145.6055
1788018637.350229,5,-145.6055
1788018637.446202,5,-145.6055
1788018637.5423748,5,-145.6055
1788018637.65435,5,-145.6055
1788018637.750335,5,-145.6055
1788018637.84625,5,-145.6055
1788018637.942323,5,-145.6055
1788018638.0544262,5,-145.6055
1788018638.150303,5,-145.6055
1788018638.246287,5,-145.6055
1788018638.342367,5,-145.6055
1788018638.4543219,5,-145.6055
1788018638.55024,5,-145.8984
1788018638.646194,5,-145.8984
1788018638.7423518,5,-145.8984
1788018638.854192,5,-145.8984
1788018638.950159,5,-145.8984
1788018639.0461388,5,-145.8984
1788018639.142194,5,-145.8984
1788018639.238273,5,-145.8984
1788018639.3501408,5,-145.8984
1788018639.446151,5,-145.8984
1788018639.5421991,5,-145.8984
1788018639.638229,5,-145.8984
1788018639.750134,5,-148.2422
1788018639.846147,5,-149.7070
1788018639.9422238,5,-149.7070
1788018640.038167,5,-149.7070
1788018640.15006,5,-149.7070
1788018640.246185,5,-149.7070
1788018640.342121,5,36.0352
1788018640.4381728,5,38.3789
1788018640.550186,5,38.9648
1788018640.646173,5,38.9648
1788018640.742041,5,39.5508
1788018640.838111,5,38.9648
1788018640.950447,5,39.2578
1788018641.046112,5,39.2578
1788018641.142067,5,38.9648
1788018641.254009,5,39.2578
1788018641.35004,5,39.5508
1788018641.446039,5,39.2578
1788018641.542148,5,39.2578
1788018641.638051,5,39.5508
1788018641.750145,5,39.8438
1788018641.8461661,5,39.5508
1788018641.941984,5,39.5508
1788018642.037984,5,39.8438
1788018642.150002,5,39.5508
1788018642.245943,5,39.8438
1788018642.3420422,5,39.5508
1788018642.454221,5,39.5508
1788018642.5502,5,-149.7070
1788018642.646074,5,-149.7070
1788018642.742096,5,-148.2422
1788018642.838045,5,-144.1406
1788018642.950079,5,-141.2109
1788018643.045975,5,-137.9883
1788018643.1419451,5,-135.0586
1788018643.237919,5,-132.1289
1788018643.3500779,5,-129.7852
1788018643.4458811,5,-126.5625
1788018643.541919,5,-123.0469
1788018643.654096,5,-119.2383
1788018643.750041,5,-115.1367
1788018643.845928,5,-111.9141
1788018643.9419048,5,-108.3984
1788018644.037886,5,-105.1758
1788018644.14996,5,-102.2461
1788018644.245833,5,-99.0234
1788018644.341856,5,-95.5078
1788018644.4540641,5,-92.5781
1788018644.5499651,5,-88.7695
1788018644.645963,5,-84.9609
1788018644.741878,5,-81.7383
1788018644.8379142,5,-78.5156
1788018644.950017,5,-75.2930
1788018645.04586,5,-72.3633
1788018645.141823,5,-68.8477
1788018645.25388,5,-66.2109
1788018645.349962,5,-63.2812
1788018645.445892,5,-62.6953
1788018645.5417678,5,-62.6953
1788018645.653904,5,-62.6953
1788018645.7499058,5,-62.6953
1788018645.8457558,5,-62.6953
1788018645.941866,5,-62.6953
1788018646.053918,5,-62.6953
1788018646.1499221,5,-62.6953
1788018646.2457678,5,-62.6953
1788018646.3418071,5,-62.6953
1788018646.437862,5,-62.6953
1788018646.549765,5,-62.6953
1788018646.645806,5,-62.6953
1788018646.741782,5,-62.6953
1788018646.853874,5,-62.6953
1788018646.949885,5,-62.6953
1788018647.04609,5,-66.2109
1788018647.141773,5,-69.1406
1788018647.2378619,5,-72.3633
1788018647.349697,5,-75.5859
1788018647.445667,5,-79.3945
1788018647.541735,5,-82.0312
1788018647.653789,5,-85.2539
1788018647.7497091,5,-88.1836
1788018647.845705,5,-90.8203
1788018647.941728,5,-93.4570
1788018648.0537221,5,-96.9727
1788018648.149736,5,-99.3164
1788018648.245604,5,-101.0742
1788018648.3416371,5,-103.1250
1788018648.453936,5,-105.7617
1788018648.549757,5,-108.3984
1788018648.645668,5,-111.6211
1788018648.741607,5,-113.6719
1788018648.853785,5,-116.0156
1788018648.949565,5,-119.5312
1788018649.045563,5,-122.1680
1788018649.141689,5,-125.0977
1788018649.253645,5,-127.1484
1788018649.349754,5,-130.6641
1788018649.44562,5,-132.4219
1788018649.541735,5,-134.4727
1788018649.637577,5,-136.2305
1788018649.7497432,5,-137.6953
1788018649.845597,5,-139.1602
1788018649.941686,5,-140.3320
1788018650.037617,5,-141.5039
1788018650.149659,5,-142.3828
1788018650.245601,5,-142.3828
1788018650.34166,5,-142.3828
1788018650.437545,5,-142.3828
1788018650.5497038,5,-142.3828
1788018650.645489,5,-142.6758
1788018650.741451,5,-142.6758
1788018650.853748,5,-142.6758
1788018650.9496288,5,-142.6758
1788018651.045783,5,-142.6758
1788018651.1416461,5,-142.6758
1788018651.237513,5,-142.6758
1788018651.34954,5,-142.6758
1788018651.4455302,5,-142.6758
1788018651.541622,5,-143.2617
1788018651.6534772,5,-143.2617
1788018651.749634,5,-143.2617
1788018651.8454962,5,-143.2617
1788018651.941511,5,-143.2617
1788018652.053555,5,-143.8477
1788018652.149606,5,-144.1406
1788018652.245381,5,-144.1406
1788018652.341582,5,-144.1406
1788018652.4536269,5,-144.1406
1788018652.549632,5,-144.1406
1788018652.64546,5,-144.1406
1788018652.741496,5,-144.1406
1788018652.853459,5,-144.1406
1788018652.949478,5,-144.1406
1788018653.045449,5,-144.1406
1788018653.141353,5,-144.1406
1788018653.253561,5,-144.1406
1788018653.349578,5,-144.1406
1788018653.445429,5,-144.1406
1788018653.541478,5,-144.1406
1788018653.6535811,5,-144.1406
1788018653.749553,5,-144.1406
1788018653.845383,5,-144.1406
1788018653.941463,5,-144.1406
1788018654.05352,5,-144.1406
1788018654.149409,5,-144.1406
1788018654.2452722,5,-144.1406
1788018654.341513,5,-144.1406
1788018654.453523,5,-144.1406
1788018654.549591,5,-144.1406
1788018654.645271,5,-144.1406
1788018654.7413802,5,-144.1406
1788018654.853489,5,-144.1406
1788018654.9494112,5,-144.1406
1788018655.04542,5,-144.1406
1788018655.141345,5,-144.1406
1788018655.23724,5,-144.1406
1788018655.349304,5,-144.1406
1788018655.445237,5,-144.1406
1788018655.54128,5,-144.1406
1788018655.65348,5,-144.1406
1788018655.7492301,5,-144.1406
1788018655.84527,5,-144.1406
1788018655.941321,5,-144.1406
1788018656.053448,5,-144.1406
1788018656.1494558,5,-144.1406
1788018656.245157,5,-144.1406
1788018656.3412778,5,-144.1406
1788018656.453324,5,-144.1406
1788018656.549338,5,-144.1406
1788018656.6453261,5,-144.1406
1788018656.741157,5,-144.1406
1788018656.853396,5,-144.1406
1788018656.949425,5,-144.1406
1788018657.045318,5,-144.1406
1788018657.141223,5,-144.1406
1788018657.253398,5,-144.1406
1788018657.349144,5,-144.1406
1788018657.445322,5,-144.1406
1788018657.541179,5,-144.1406
1788018657.653308,5,-144.1406
1788018657.7493079,5,-144.1406
1788018657.845161,5,-144.1406
1788018657.94121,5,-144.1406
1788018658.053302,5,-144.1406
1788018658.149365,5,-144.1406
1788018658.245142,5,-144.1406
1788018658.341096,5,-144.1406
1788018658.4531882,5,-144.1406
1788018658.5493472,5,-144.1406
1788018658.6452968,5,-144.1406
1788018658.7411861,5,-144.1406
1788018658.853167,5,-144.1406
1788018658.949705,5,-144.1406
1788018659.045163,5,-144.1406
1788018659.141997,5,-144.1406
1788018659.253189,5,-144.1406
1788018659.3492951,5,-144.1406
1788018659.4451861,5,-144.1406
1788018659.5412931,5,-144.1406
1788018659.637077,5,-144.1406
1788018659.7492118,5,-144.1406
1788018659.845185,5,-144.1406
1788018659.941539,5,-144.1406
1788018660.053051,5,-144.1406
1788018660.14903,5,-144.1406
1788018660.24507,5,-144.1406
1788018660.341053,5,-144.1406
1788018660.4530828,5,-144.1406
1788018660.54921,5,-144.1406
1788018660.645068,5,-144.1406
1788018660.741034,5,-144.1406
1788018660.836983,5,-144.1406
1788018660.949173,5,-144.1406
1788018661.045027,5,-144.1406
1788018661.141094,5,-144.1406
1788018661.236966,5,-144.1406
1788018661.349049,5,-144.1406
1788018661.4450948,5,-144.1406
1788018661.54091,5,-144.1406
1788018661.6369972,5,-144.1406
1788018661.748947,5,-144.1406
1788018661.844971,5,-144.1406
1788018661.9411662,5,-144.1406
1788018662.05296,5,-144.1406
1788018662.148927,5,-144.1406
1788018662.2449028,5,-144.1406
1788018662.3408482,5,-144.1406
1788018662.4529438,5,-144.1406
1788018662.5489469,5,-144.1406
1788018662.644902,5,-144.1406
1788018662.740887,5,-144.1406
1788018662.852905,5,-144.1406
1788018662.948879,5,-144.1406
1788018663.044928,5,-144.1406
1788018663.140942,5,-144.1406
1788018663.252853,5,-144.1406
1788018663.348989,5,-144.1406
1788018663.4449222,5,-144.1406
1788018663.540881,5,-144.1406
1788018663.6529138,5,-144.1406
1788018663.749022,5,-144.1406
1788018663.844863,5,-144.1406
1788018663.940983,5,-144.1406
1788018664.036834,5,-144.1406
1788018664.148993,5,-144.1406
1788018664.244878,5,-144.1406
1788018664.340802,5,-144.1406
1788018664.452811,5,-144.1406
1788018664.549031,5,-144.1406
1788018664.64482,5,-144.1406
1788018664.740743,5,-144.1406
1788018664.836829,5,-144.1406
1788018664.9490612,5,-144.1406
1788018665.045011,5,-144.1406
1788018665.1410098,5,-144.1406
1788018665.253015,5,-144.1406
1788018665.348765,5,-144.1406
1788018665.4446878,5,-144.1406
1788018665.540681,5,-144.1406
1788018665.652725,5,-144.1406
1788018665.7488298,5,-144.1406
1788018665.844756,5,-144.1406
1788018665.940864,5,-144.1406
1788018666.052737,5,-144.1406
1788018666.148726,5,-144.1406
1788018666.244698,5,-144.1406
1788018666.340773,5,-144.1406
1788018666.4366562,5,-144.1406
1788018666.5488691,5,-144.1406
1788018666.644673,5,-144.1406
1788018682.534959,6,-149.7070
1788018682.630841,6,-149.7070
1788018682.726918,6,-149.7070
1788018682.8228009,6,-149.7070
1788018682.934855,6,-149.7070
1788018683.031081,6,-149.7070
1788018683.1269581,6,-149.7070
1788018683.239035,6,-149.7070
1788018683.3348129,6,-149.7070
1788018683.431017,6,-149.7070
1788018683.526919,6,-149.7070
1788018683.6387782,6,-149.7070
1788018683.734842,6,-149.7070
1788018683.830949,6,-149.7070
1788018683.92693,6,-149.7070
1788018684.038939,6,-149.7070
1788018684.1348622,6,-149.7070
1788018684.230958,6,-149.7070
1788018684.326838,6,-149.7070
1788018684.4227421,6,-149.7070
1788018684.5348449,6,-149.7070
1788018684.630888,6,-149.7070
1788018684.726849,6,-149.7070
1788018684.838779,6,-149.7070
1788018684.9349031,6,-149.7070
1788018685.0308921,6,-149.7070
1788018685.126653,6,-149.7070
1788018685.238797,6,-149.7070
1788018685.3347368,6,-149.7070
1788018685.4307299,6,-149.7070
1788018685.5266821,6,-149.7070
1788018685.638725,6,-149.7070
1788018685.734729,6,-149.7070
1788018685.830863,6,-148.5352
1788018685.9267561,6,-146.4844
1788018686.038767,6,-144.7266
1788018686.1347141,6,-144.1406
1788018686.230787,6,-142.6758
1788018686.326744,6,-141.2109
1788018686.438617,6,-140.0391
1788018686.53471,6,-139.4531
1788018686.630624,6,-139.4531
1788018686.726753,6,-137.4023
1788018686.838668,6,-136.5234
1788018686.934637,6,-135.3516
1788018687.030704,6,-133.5938
1788018687.1266592,6,-131.8359
1788018687.222687,6,-129.7852
1788018687.334644,6,-128.3203
1788018687.430732,6,-126.8555
1788018687.526695,6,-125.9766
1788018687.638581,6,-124.5117
1788018687.734602,6,-123.3398
1788018687.830802,6,-121.8750
1788018687.9267788,6,-120.4102
1788018688.022628,6,-118.6523
1788018688.1345851,6,-117.4805
1788018688.230709,6,-116.3086
1788018688.326665,6,-115.4297
1788018688.422585,6,-114.2578
1788018688.534615,6,-112.2070
1788018688.630722,6,-110.4492
1788018688.726583,6,-109.2773
1788018688.822525,6,-108.3984
1788018688.934655,6,-107.2266
1788018689.0306282,6,-106.0547
1788018689.126563,6,-104.2969
1788018689.222462,6,-103.4180
1788018689.334466,6,-101.6602
1788018689.430649,6,-100.1953
1788018689.526575,6,-99.0234
1788018689.6386209,6,-97.8516
1788018689.734483,6,-96.6797
1788018689.830483,6,-95.2148
1788018689.9266188,6,-93.4570
1788018690.038603,6,-92.2852
1788018690.134596,6,-91.9922
1788018690.230561,6,-91.6992
1788018690.3266602,6,-90.8203
1788018690.438449,6,-89.6484
1788018690.534494,6,-88.7695
1788018690.630527,6,-87.5977
1788018690.726497,6,-86.7188
1788018690.838526,6,-87.0117
1788018690.9344268,6,-87.0117
1788018691.030719,6,-87.0117
1788018691.1265159,6,-86.7188
1788018691.23858,6,-87.0117
1788018691.334422,6,-87.8906
1788018691.4305248,6,-87.8906
1788018691.526456,6,-88.4766
1788018691.638465,6,-88.4766
1788018691.734358,6,-89.3555
1788018691.830334,6,-91.4063
1788018691.926356,6,-92.8711
1788018692.022352,6,-95.2148
1788018692.1344981,6,-96.6797
1788018692.230316,6,-98.7305
1788018692.326519,6,-100.4883
1788018692.422389,6,-101.9531
1788018692.5345101,6,-104.0039
1788018692.6305091,6,-105.7617
1788018692.7266119,6,-107.8125
1788018692.838398,6,-109.5703
1788018692.9343019,6,-111.6211
1788018693.0304651,6,-114.2578
1788018693.126356,6,-116.6016
1788018693.238265,6,-118.9453
1788018693.3343968,6,-120.7031
1788018693.430402,6,-122.7539
1788018693.526345,6,-124.2188
1788018693.622249,6,-125.9766
1788018693.734394,6,-128.0273
1788018693.830424,6,-130.6641
1788018693.926238,6,-132.4219
1788018694.0223129,6,-134.1797
1788018694.134248,6,-136.8164
1788018694.2303529,6,-139.4531
1788018694.3263848,6,-141.2109
1788018694.4383428,6,-142.9688
1788018694.534218,6,-144.4336
1788018694.630372,6,-145.8984
1788018694.726261,6,-147.3633
1788018694.822285,6,-149.4141
1788018694.934318,6,-149.7070
1788018695.030327,6,-149.7070
1788018695.1261492,6,-149.7070
1788018695.222288,6,-149.7070
1788018695.334176,6,-149.7070
1788018695.430275,6,-47.7539
1788018695.5262568,6,32.2266
1788018695.638203,6,32.2266
1788018695.7342029,6,32.5195
1788018695.8301802,6,33.3984
1788018695.9263282,6,33.6914
1788018696.0221682,6,33.6914
1788018696.13423,6,32.8125
1788018696.2302,6,33.9844
1788018696.3262138,6,33.6914
1788018696.438146,6,33.1055
1788018696.534157,6,149.7070
1788018696.630198,6,149.7070
1788018696.7261481,6,149.7070
1788018696.82211,6,149.7070
1788018696.9343019,6,149.7070
1788018697.03014,6,147.6562
1788018697.126157,6,145.0195
1788018697.222028,6,141.5039
1788018697.3340878,6,136.8164
1788018697.430153,6,132.7148
1788018697.526203,6,128.6133
1788018697.6220758,6,124.8047
1788018697.734036,6,120.9961
1788018697.830133,6,118.0664
1788018697.9261482,6,116.0156
1788018698.022063,6,112.7930
1788018698.1351428,6,110.4492
1788018698.230075,6,108.6914
1788018698.326237,6,107.5195
1788018698.4219542,6,106.9336
1788018698.5342138,6,106.6406
1788018698.630177,6,106.3477
1788018698.726153,6,105.4688
1788018698.838043,6,105.1758
1788018698.934151,6,105.1758
1788018699.030009,6,105.1758
1788018699.126146,6,105.1758
1788018699.237969,6,105.1758
1788018699.334322,6,105.1758
1788018699.430146,6,105.1758
1788018699.526029,6,105.4688
1788018699.6379478,6,105.1758
1788018699.734059,6,105.1758
1788018699.830027,6,106.0547
1788018699.926066,6,106.3477
1788018700.03823,6,106.6406
1788018700.134287,6,106.6406
1788018700.22999,6,109.2773
1788018700.3259141,6,111.0352
1788018700.421938,6,112.7930
1788018700.534079,6,116.6016
1788018700.629968,6,118.9453
1788018700.725826,6,122.7539
1788018700.8379588,6,124.8047
1788018700.9341152,6,127.7344
1788018701.0299342,6,130.9570
1788018701.1259992,6,133.3008
1788018701.221952,6,136.2305
1788018701.333944,6,139.1602
1788018701.4299479,6,141.5039
1788018701.52595,6,143.5547
1788018701.6379259,6,143.8477
1788018701.7339551,6,145.0195
1788018701.829935,6,146.1914
1788018701.925899,6,149.1211
1788018702.0217888,6,149.7070
1788018702.1337779,6,149.7070
1788018702.229951,6,35.7422
1788018702.326046,6,33.3984
1788018702.421825,6,32.8125
1788018702.5340521,6,32.8125
1788018702.629896,6,33.3984
1788018702.725874,6,34.2773
1788018702.837845,6,34.8633
1788018702.93387,6,33.9844
1788018703.029879,6,34.5703
1788018703.125823,6,32.8125
1788018703.237795,6,33.3984
1788018703.334273,6,33.3984
1788018703.42985,6,34.5703
1788018703.525867,6,34.5703
1788018703.637764,6,33.1055
1788018703.733809,6,-149.7070
1788018703.8298109,6,-149.7070
1788018703.925772,6,-149.7070
1788018704.037787,6,-149.7070
1788018704.133755,6,-149.7070
1788018704.229803,6,-149.7070
1788018704.32566,6,-149.7070
1788018704.4217112,6,-149.7070
1788018704.533802,6,-149.7070
1788018704.629855,6,-149.7070
1788018704.725736,6,-149.7070
1788018704.821682,6,-149.7070
1788018704.933929,6,-149.7070
1788018705.02969,6,-149.7070
1788018705.125762,6,-149.7070
1788018705.221611,6,-149.7070
1788018705.333674,6,-149.7070
1788018705.429705,6,-149.7070
1788018705.5256739,6,-149.7070
1788018705.621603,6,-149.7070
1788018705.733678,6,-149.7070
1788018705.829671,6,-149.7070
1788018705.925648,6,-149.7070
1788018706.0376709,6,-149.7070
1788018706.133697,6,-149.7070
1788018706.229703,6,-149.7070
1788018706.325653,6,-149.7070
1788018706.437637,6,-149.7070
1788018706.533792,6,-149.7070
1788018706.6297522,6,-149.7070
1788018706.725732,6,-149.7070
1788018706.821525,6,-149.7070
1788018706.933666,6,-149.7070
1788018707.029734,6,-149.7070
1788018707.1256168,6,-149.7070
1788018707.2376058,6,-149.7070
1788018707.333482,6,-149.7070
1788018707.4296162,6,-149.7070
1788018707.525606,6,-149.7070
1788018707.621463,6,-149.7070
1788018707.733539,6,-149.7070
1788018707.8295722,6,-149.7070
1788018707.9256809,6,-149.7070
1788018708.037662,6,-149.7070
1788018708.133606,6,-149.7070
1788018708.2296588,6,-149.7070
1788018708.325609,6,-149.7070
1788018708.4374669,6,-149.7070
1788018708.5337448,6,-149.7070
1788018708.629587,6,-149.7070
1788018708.7255301,6,-149.7070
1788018708.821593,6,-149.7070
1788018708.9336011,6,-149.7070
1788018709.029515,6,-149.7070
1788018709.1255429,6,-149.7070
1788018709.237466,6,-149.7070
1788018709.333496,6,-149.7070
1788018709.4296079,6,-149.7070
1788018709.525454,6,-149.7070
1788018709.637474,6,-149.7070
1788018709.733422,6,-149.7070
1788018709.82946,6,-149.7070
1788018709.9254951,6,-149.7070
1788018710.0375721,6,-149.7070
1788018710.1336,6,-149.7070
1788018710.229663,6,-149.7070
1788018710.325496,6,-149.7070
1788018710.437365,6,-149.7070
1788018710.533383,6,-149.7070
1788018710.6294332,6,-149.7070
1788018710.72545,6,-149.7070
1788018710.837491,6,-149.7070
1788018710.9334211,6,-149.7070
1788018711.0294452,6,-149.7070
1788018711.125429,6,-149.7070
1788018711.221292,6,-149.7070
1788018711.333323,6,-149.7070
1788018711.429464,6,-149.7070
1788018711.525318,6,-149.7070
1788018711.637389,6,-149.7070
1788018711.7333188,6,-149.7070
1788018711.829468,6,-149.7070
1788018711.9253519,6,-149.7070
1788018712.037343,6,-149.7070
1788018712.1333702,6,-149.7070
1788018712.2293918,6,-149.7070
1788018712.325276,6,-149.7070
1788018712.421291,6,-149.7070
1788018712.53334,6,-149.7070
1788018712.629347,6,-149.7070
1788018712.725282,6,-149.7070
1788018712.8212411,6,-149.7070
1788018712.933263,6,-149.7070
1788018713.029278,6,-149.7070
1788018713.125231,6,-149.7070
1788018713.23733,6,-149.7070
1788018713.333302,6,-149.7070
1788018713.4292622,6,-149.7070
1788018713.5252569,6,-149.7070
1788018713.637238,6,-149.7070
1788018713.733299,6,-149.7070
1788018713.829281,6,-149.7070
1788018713.925327,6,-149.7070
1788018714.0212638,6,-149.7070
1788018714.133218,6,-149.7070
1788018714.229266,6,-149.7070
1788018714.325166,6,-149.7070
1788018714.437134,6,-149.7070
1788018714.533164,6,-149.7070
1788018714.629138,6,-149.7070
1788018714.725091,6,-149.7070
1788018714.837327,6,-149.7070
1788018714.9333088,6,-149.7070
1788018715.029238,6,-149.7070
1788018715.1250718,6,-149.7070
1788018715.2210891,6,-149.7070
1788018715.3332741,6,-149.7070
1788018715.429218,6,-149.7070
1788018715.525388,6,-149.7070
1788018715.637084,6,-149.7070
1788018715.7330718,6,-149.7070
1788018715.829173,6,-149.7070
1788018715.9251661,6,-149.7070
1788018716.037225,6,-149.7070
1788018716.133129,6,-149.7070
1788018716.229271,6,-149.7070
1788018716.325154,6,-149.7070
1788018716.4370408,6,-149.7070
1788018716.533052,6,-149.7070
1788018716.629041,6,-149.7070
1788018716.725132,6,-149.7070
1788018716.837093,6,-149.7070
1788018716.933131,6,-149.7070
1788018717.029251,6,-149.7070
1788018717.125176,6,-149.7070
1788018717.237113,6,-149.7070
1788018717.333195,6,-149.7070
1788018717.429055,6,-149.7070
1788018717.5250182,6,-149.7070
1788018717.6372218,6,-149.7070
1788018717.7331991,6,-149.7070
1788018717.829091,6,-149.7070
1788018717.92507,6,-149.7070
1788018718.037079,6,-149.7070
1788018718.133125,6,-149.7070
1788018718.229033,6,-149.7070
1788018718.325025,6,-149.7070
1788018718.436926,6,-149.7070
1788018718.5331898,6,-149.7070
1788018718.6291468,6,-149.7070
1788018736.4451451,7,80.8594
1788018736.5412118,7,80.8594
1788018736.636974,7,80.8594
1788018736.7491379,7,80.8594
1788018736.845254,7,80.8594
1788018736.941133,7,80.8594
1788018737.037051,7,80.8594
1788018737.133024,7,80.8594
1788018737.245161,7,80.8594
1788018737.341226,7,80.8594
1788018737.4371042,7,80.8594
1788018737.549105,7,81.1523
1788018737.645231,7,80.5664
1788018737.7412539,7,80.8594
1788018737.8370922,7,80.8594
1788018737.9330518,7,80.8594
1788018738.0450041,7,80.8594
1788018738.141133,7,80.8594
1788018738.236885,7,80.8594
1788018738.3329642,7,80.8594
1788018738.445101,7,78.8086
1788018738.5409658,7,78.2227
1788018738.637019,7,77.6367
1788018738.748986,7,77.0508
1788018738.84513,7,75.8789
1788018738.941052,7,75.0000
1788018739.036941,7,74.4141
1788018739.149048,7,74.4141
1788018739.244993,7,73.2422
1788018739.341045,7,71.7773
1788018739.4369202,7,71.7773
1788018739.5489972,7,71.4844
1788018739.644923,7,71.4844
1788018739.740903,7,71.4844
1788018739.8368168,7,71.4844
1788018739.948996,7,71.4844
1788018740.0449998,7,71.4844
1788018740.140964,7,71.4844
1788018740.236897,7,71.4844
1788018740.348829,7,71.7773
1788018740.445039,7,71.7773
1788018740.541007,7,72.0703
1788018740.6367848,7,72.0703
1788018740.732873,7,74.4141
1788018740.8449879,7,75.5859
1788018740.940756,7,77.0508
1788018741.036931,7,78.5156
1788018741.148888,7,79.9805
1788018741.2448158,7,81.4453
1788018741.340916,7,83.4961
1788018741.4367502,7,84.6680
1788018741.548887,7,85.8398
1788018741.644902,7,87.5977
1788018741.740899,7,88.4766
1788018741.8366878,7,89.9414
1788018741.948991,7,91.4063
1788018742.044836,7,91.6992
1788018742.1407192,7,91.6992
1788018742.2368572,7,91.6992
1788018742.348893,7,91.6992
1788018742.444891,7,91.6992
1788018742.540921,7,91.6992
1788018742.636638,7,91.6992
1788018742.732745,7,91.6992
1788018742.844807,7,91.6992
1788018742.940852,7,91.6992
1788018743.0366669,7,91.6992
1788018743.132658,7,93.1641
1788018743.2446542,7,95.8008
1788018743.3408241,7,97.5586
1788018743.4366531,7,99.6094
1788018743.548912,7,100.7813
1788018743.644588,7,101.3672
1788018743.740841,7,103.7109
1788018743.836629,7,104.8828
1788018743.948778,7,106.6406
1788018744.0447822,7,108.6914
1788018744.1406379,7,111.3281
1788018744.236552,7,113.6719
1788018744.348759,7,116.0156
1788018744.444813,7,117.7734
1788018744.540571,7,119.8242
1788018744.63656,7,121.5820
1788018744.732629,7,124.5117
1788018744.8448,7,127.4414
1788018744.940707,7,129.1992
1788018745.0366652,7,131.2500
1788018745.1325922,7,133.5938
1788018745.24474,7,135.6445
1788018745.3407109,7,137.6953
1788018745.436604,7,140.0391
1788018745.5325718,7,142.3828
1788018745.64468,7,144.4336
1788018745.740748,7,146.4844
1788018745.836519,7,148.5352
1788018745.948607,7,149.7070
1788018746.044596,7,149.7070
1788018746.140694,7,149.7070
1788018746.236448,7,149.7070
1788018746.332501,7,149.7070
1788018746.444648,7,149.7070
1788018746.540649,7,149.7070
1788018746.636511,7,149.7070
1788018746.748587,7,149.7070
1788018746.84462,7,149.7070
1788018746.9404778,7,149.7070
1788018747.036572,7,38.9648
1788018747.1486678,7,38.0859
1788018747.244412,7,37.7930
1788018747.340457,7,37.7930
1788018747.4365299,7,38.0859
1788018747.548461,7,37.7930
1788018747.6446269,7,37.5000
1788018747.740522,7,37.7930
1788018747.836422,7,37.2070
1788018747.948419,7,149.7070
1788018748.044636,7,149.7070
1788018748.140526,7,149.7070
1788018748.2363908,7,149.7070
1788018748.348429,7,149.7070
1788018748.444643,7,149.1211
1788018748.540527,7,147.0703
1788018748.636328,7,144.1406
1788018748.7323048,7,141.7969
1788018748.8445282,7,139.7461
1788018748.940573,7,137.6953
1788018749.0363672,7,135.3516
1788018749.148442,7,132.7148
1788018749.244481,7,130.6641
1788018749.340381,7,128.3203
1788018749.436279,7,125.0977
1788018749.532354,7,122.4609
1788018749.644459,7,120.1172
1788018749.74033,7,117.7734
1788018749.83638,7,115.4297
1788018749.9484422,7,112.7930
1788018750.0444841,7,110.7422
1788018750.140439,7,108.6914
1788018750.2362502,7,107.5195
1788018750.332306,7,105.1758
1788018750.444503,7,103.4180
1788018750.540282,7,101.3672
1788018750.636259,7,97.8516
1788018750.732267,7,96.0938
1788018750.844378,7,93.4570
1788018750.940512,7,91.4063
1788018751.036382,7,89.6484
1788018751.14841,7,89.0625
1788018751.244352,7,88.4766
1788018751.340296,7,87.5977
1788018751.436264,7,87.0117
1788018751.548237,7,85.8398
1788018751.6443121,7,85.2539
1788018751.7402308,7,85.2539
1788018751.836223,7,85.2539
1788018751.948291,7,84.9609
1788018752.044341,7,84.9609
1788018752.140243,7,85.2539
1788018752.2361522,7,85.2539
1788018752.348274,7,85.2539
1788018752.44431,7,85.2539
1788018752.540287,7,85.2539
1788018752.63622,7,85.2539
1788018752.748301,7,85.2539
1788018752.8443048,7,85.2539
1788018752.940266,7,85.2539
1788018753.036272,7,85.2539
1788018753.148263,7,85.2539
1788018753.2441971,7,85.2539
1788018753.340231,7,85.2539
1788018753.4361012,7,85.2539
1788018753.548219,7,85.2539
1788018753.644335,7,85.2539
1788018753.740094,7,85.2539
1788018753.836166,7,85.2539
1788018753.932161,7,85.2539
1788018754.044179,7,84.9609
1788018754.140115,7,85.2539
1788018754.236029,7,85.2539
1788018754.348171,7,85.2539
1788018754.444221,7,85.2539
1788018754.54031,7,85.2539
1788018754.636008,7,84.9609
1788018754.73205,7,85.2539
1788018754.8442292,7,85.2539
1788018754.940183,7,85.2539
1788018755.036183,7,85.2539
1788018755.148344,7,85.2539
1788018755.244193,7,85.2539
1788018755.340138,7,85.2539
1788018755.4360309,7,85.2539
1788018755.548158,7,85.2539
1788018755.644184,7,85.2539
1788018755.740025,7,85.2539
1788018755.836045,7,85.2539
1788018755.9480598,7,85.2539
1788018756.044076,7,85.2539
1788018756.140191,7,85.2539
1788018756.236001,7,85.2539
1788018756.348005,7,85.2539
1788018756.444065,7,85.2539
1788018756.540033,7,85.2539
1788018756.636029,7,85.2539
1788018756.748107,7,85.2539
1788018756.8440309,7,85.2539
1788018756.9400802,7,85.2539
1788018757.036085,7,85.2539
1788018757.148098,7,85.2539
1788018757.24411,7,85.2539
1788018757.3401332,7,85.2539
1788018757.435942,7,85.2539
1788018757.547905,7,85.2539
1788018757.6439779,7,85.2539
1788018757.739947,7,85.2539
1788018757.835979,7,85.2539
1788018757.931867,7,85.2539
1788018758.043988,7,85.2539
1788018758.1400099,7,85.2539
1788018758.2358668,7,85.2539
1788018758.347987,7,85.2539
1788018758.4440708,7,85.2539
1788018758.539932,7,85.2539
1788018758.635796,7,84.9609
1788018758.7480488,7,85.2539
1788018758.843849,7,85.2539
1788018758.939913,7,85.2539
1788018759.0358279,7,84.9609
1788018759.147949,7,85.2539
1788018759.243945,7,85.2539
1788018759.339922,7,85.2539
1788018759.4358752,7,85.2539
1788018759.5479739,7,85.2539
1788018759.643954,7,85.2539
1788018759.739829,7,85.2539
1788018759.8360598,7,85.2539
1788018759.94777,7,85.2539
1788018760.0438411,7,85.2539
1788018760.1397839,7,85.2539
1788018760.235852,7,85.2539
1788018760.347902,7,85.2539
1788018760.443892,7,85.2539
1788018760.5398479,7,85.2539
1788018760.6357288,7,85.2539
1788018760.7478342,7,85.2539
1788018760.843893,7,85.2539
1788018760.939756,7,85.2539
1788018761.035882,7,85.2539
1788018761.1478112,7,85.2539
1788018761.24394,7,85.2539
1788018761.3398771,7,85.2539
1788018761.4357572,7,84.9609
1788018761.5478668,7,85.2539
1788018761.643785,7,85.2539
1788018761.7398431,7,85.2539
1788018761.835629,7,85.2539
1788018761.947781,7,85.2539
1788018762.04378,7,84.9609
1788018762.139779,7,85.2539
1788018762.2356942,7,85.2539
1788018762.347782,7,85.2539
1788018762.443824,7,85.2539
1788018762.539674,7,85.2539
1788018762.6355531,7,85.2539
1788018762.7477791,7,85.2539
1788018762.84382,7,85.2539
1788018762.939779,7,85.2539
1788018763.035705,7,85.2539
1788018763.1476638,7,84.9609
1788018763.243795,7,85.2539
1788018763.3396108,7,85.2539
1788018763.435596,7,85.2539
1788018763.547756,7,85.2539
1788018763.64374,7,85.2539
1788018763.739739,7,85.2539
1788018763.835625,7,85.2539
1788018763.947669,7,85.2539
1788018764.04367,7,85.2539
1788018764.139743,7,85.2539
1788018764.235601,7,85.2539
1788018764.3477042,7,85.2539
1788018764.443834,7,84.9609
1788018764.539677,7,85.2539
1788018764.635526,7,85.2539
1788018764.7477381,7,85.2539
1788018764.8437262,7,85.2539
1788018764.93949,7,85.2539
1788018765.035566,7,85.2539
1788018765.147607,7,85.2539
1788018765.243608,7,85.2539
1788018765.339488,7,85.2539
1788018765.435455,7,84.9609
1788018765.547746,7,85.2539
1788018765.643611,7,85.2539
1788018765.739557,7,85.2539
1788018765.835476,7,85.2539
1788018765.94752,7,85.2539
1788018766.0436869,7,85.2539
1788018766.1394382,7,85.2539
1788018766.23549,7,85.2539
1788018766.347542,7,85.2539
1788018766.4435232,7,85.2539
1788018766.539627,7,85.2539
1788018766.635402,7,85.2539
1788018766.747589,7,85.2539
1788018766.843599,7,85.2539
1788018766.9395142,7,85.2539
1788018767.035375,7,85.2539
1788018767.1313322,7,85.2539
1788018767.243447,7,84.9609
1788018767.339373,7,85.2539
1788018767.435405,7,85.2539
1788018767.5475242,7,85.2539
1788018767.6435452,7,85.2539
1788018767.739389,7,85.2539
1788018767.835327,7,84.9609
1788018767.931593,7,85.2539
1788018768.043475,7,85.2539
1788018768.1394958,7,85.2539
1788018768.235281,7,85.2539
1788018768.3475862,7,85.2539
1788018783.829638,8,73.2422
1788018783.925598,8,73.2422
1788018784.021489,8,73.2422
1788018784.133528,8,73.2422
1788018784.229553,8,73.2422
1788018784.325618,8,73.2422
1788018784.421644,8,73.2422
1788018784.51762,8,73.2422
1788018784.629684,8,73.2422
1788018784.725476,8,73.2422
1788018784.8216488,8,73.2422
1788018784.917433,8,73.2422
1788018785.0295238,8,73.2422
1788018785.125551,8,73.2422
1788018785.2214231,8,73.2422
1788018785.3174348,8,73.2422
1788018785.429555,8,73.2422
1788018785.52565,8,73.2422
1788018785.621603,8,73.2422
1788018785.7174242,8,73.2422
1788018785.829571,8,73.2422
1788018785.925662,8,73.2422
1788018786.02147,8,73.2422
1788018786.117435,8,73.2422
1788018786.2294888,8,73.2422
1788018786.325671,8,73.2422
1788018786.4215071,8,73.2422
1788018786.517718,8,72.9492
1788018786.6294742,8,73.2422
1788018786.725495,8,73.2422
1788018786.8215759,8,73.2422
1788018786.9174201,8,72.9492
1788018787.029525,8,72.9492
1788018787.125321,8,72.6562
1788018787.221349,8,70.8984
1788018787.333314,8,68.5547
1788018787.4294221,8,66.7969
1788018787.525357,8,64.4531
1788018787.621321,8,62.4023
1788018787.71734,8,61.2305
1788018787.829567,8,59.1797
1788018787.9253912,8,57.4219
1788018788.0213661,8,56.8359
1788018788.1333382,8,56.5430
1788018788.229344,8,56.5430
1788018788.325475,8,56.5430
1788018788.421341,8,56.8359
1788018788.517309,8,56.8359
1788018788.62926,8,57.1289
1788018788.725298,8,57.1289
1788018788.8213592,8,57.1289
1788018788.917203,8,57.1289
1788018789.0294049,8,57.4219
1788018789.125395,8,57.1289
1788018789.2214348,8,58.3008
1788018789.317394,8,60.3516
1788018789.429378,8,62.1094
1788018789.525206,8,64.1602
1788018789.621205,8,66.5039
1788018789.733216,8,67.6758
1788018789.829181,8,67.6758
1788018789.925758,8,67.6758
1788018790.021378,8,68.5547
1788018790.1336498,8,70.6055
1788018790.2291899,8,72.3633
1788018790.325473,8,74.1211
1788018790.421304,8,77.3438
1788018790.517356,8,80.5664
1788018790.6293151,8,82.9102
1788018790.7252,8,85.5469
1788018790.821305,8,87.5977
1788018790.917103,8,90.5273
1788018791.029352,8,92.5781
1788018791.125174,8,94.9219
1788018791.2212029,8,96.6797
1788018791.3170729,8,98.7305
1788018791.4291809,8,101.0742
1788018791.5253382,8,103.1250
1788018791.621309,8,105.7617
1788018791.7331781,8,108.1055
1788018791.829171,8,110.4492
1788018791.925201,8,113.0859
1788018792.021297,8,116.3086
1788018792.1332061,8,118.3594
1788018792.229132,8,120.7031
1788018792.3251982,8,123.3398
1788018792.4211788,8,125.6836
1788018792.533202,8,128.0273
1788018792.629306,8,131.5430
1788018792.72502,8,134.1797
1788018792.821158,8,137.1094
1788018792.917151,8,140.0391
1788018793.02914,8,143.5547
1788018793.125045,8,146.4844
1788018793.221099,8,148.8281
1788018793.333055,8,149.7070
1788018793.429018,8,149.7070
1788018793.5250509,8,149.7070
1788018793.620967,8,149.7070
1788018793.716966,8,149.7070
1788018793.828983,8,149.7070
1788018793.9252,8,149.7070
1788018794.021149,8,149.7070
1788018794.117137,8,149.7070
1788018794.229113,8,149.7070
1788018794.324926,8,149.7070
1788018794.421078,8,149.7070
1788018794.533256,8,149.7070
1788018794.628949,8,149.7070
1788018794.7250292,8,149.7070
1788018794.8209789,8,149.4141
1788018794.93294,8,146.7773
1788018795.0290298,8,144.1406
1788018795.125014,8,140.0391
1788018795.220924,8,136.8164
1788018795.3330271,8,134.1797
1788018795.4289339,8,130.9570
1788018795.524926,8,127.4414
1788018795.620943,8,124.2188
1788018795.7169359,8,121.8750
1788018795.82901,8,118.6523
1788018795.925063,8,116.3086
1788018796.0211232,8,113.3789
1788018796.1168928,8,110.4492
1788018796.228905,8,108.3984
1788018796.324855,8,106.0547
1788018796.4211352,8,103.1250
1788018796.516918,8,100.4883
1788018796.6289291,8,98.1445
1788018796.724868,8,96.0938
1788018796.821104,8,93.7500
1788018796.916843,8,90.8203
1788018797.029137,8,89.3555
1788018797.124789,8,88.7695
1788018797.220801,8,88.4766
1788018797.316841,8,88.7695
1788018797.428853,8,88.7695
1788018797.524868,8,87.3047
1788018797.621008,8,85.5469
1788018797.732828,8,83.2031
1788018797.8288481,8,81.7383
1788018797.924942,8,81.4453
1788018798.021015,8,81.4453
1788018798.132892,8,81.1523
1788018798.228837,8,80.5664
1788018798.3249521,8,79.1016
1788018798.421176,8,77.9297
1788018798.516744,8,77.9297
1788018798.628936,8,77.9297
1788018798.72492,8,77.9297
1788018798.820846,8,77.0508
1788018798.932745,8,76.4648
1788018799.0288188,8,76.7578
1788018799.124693,8,76.4648
1788018799.220875,8,76.7578
1788018799.31667,8,76.7578
1788018799.428938,8,76.4648
1788018799.5249338,8,76.7578
1788018799.620806,8,76.4648
1788018799.732911,8,76.4648
1788018799.828764,8,76.4648
1788018799.924844,8,76.7578
1788018800.02084,8,76.7578
1788018800.13292,8,76.7578
1788018800.22881,8,76.4648
1788018800.3249128,8,76.4648
1788018800.420774,8,76.7578
1788018800.532794,8,76.4648
1788018800.628788,8,76.4648
1788018800.724781,8,76.4648
1788018800.820721,8,76.1719
1788018800.932801,8,76.1719
1788018801.028748,8,76.4648
1788018801.124722,8,76.4648
1788018801.220711,8,76.4648
1788018801.31668,8,76.4648
1788018801.428714,8,76.4648
1788018801.524802,8,76.4648
1788018801.6207318,8,76.4648
1788018801.716566,8,76.4648
1788018801.8288052,8,76.4648
1788018801.924709,8,76.4648
1788018802.0207272,8,76.4648
1788018802.132861,8,76.4648
1788018802.228725,8,76.4648
1788018802.324638,8,76.4648
1788018802.4206269,8,76.4648
1788018802.5326378,8,76.4648
1788018802.628604,8,76.4648
1788018802.724664,8,76.4648
1788018802.820622,8,76.4648
1788018802.932558,8,76.4648
1788018803.028647,8,76.4648
1788018803.1246521,8,76.4648
1788018803.220632,8,76.4648
1788018803.3324869,8,76.4648
1788018803.428695,8,76.4648
1788018803.524649,8,76.4648
1788018803.620676,8,76.4648
1788018803.716397,8,76.4648
1788018803.8286889,8,76.4648
1788018803.924675,8,76.4648
1788018804.020594,8,76.4648
1788018804.132441,8,76.4648
1788018804.228541,8,76.4648
1788018804.324382,8,76.4648
1788018804.420458,8,76.4648
1788018804.532609,8,76.4648
1788018804.62852,8,76.4648
1788018804.724624,8,76.4648
1788018804.820589,8,76.4648
1788018804.93242,8,76.4648
1788018805.028468,8,76.4648
1788018805.124568,8,76.4648
1788018805.220343,8,76.4648
1788018805.3164039,8,76.4648
1788018805.428502,8,76.7578
1788018805.524469,8,76.4648
1788018805.6204429,8,76.4648
1788018805.716405,8,76.4648
1788018805.82846,8,76.4648
1788018805.924557,8,76.4648
1788018806.020519,8,76.4648
1788018806.1164968,8,76.4648
1788018806.228538,8,76.4648
1788018806.32431,8,76.4648
1788018806.4204302,8,76.4648
1788018806.532436,8,76.4648
1788018806.628406,8,76.4648
1788018806.724498,8,76.4648
1788018806.820423,8,76.4648
1788018806.932472,8,76.4648
1788018807.028414,8,76.4648
1788018807.1244879,8,76.4648
1788018807.220329,8,76.4648
1788018807.316216,8,76.4648
1788018807.428354,8,76.4648
1788018807.524367,8,76.4648
1788018807.620432,8,76.4648
1788018807.732307,8,76.4648
1788018807.828397,8,76.4648
1788018807.924435,8,76.4648
1788018808.020467,8,76.4648
1788018808.132249,8,76.4648
1788018808.2284539,8,76.4648
1788018808.324397,8,76.4648
1788018808.4203362,8,76.4648
1788018808.532354,8,76.4648
1788018808.628393,8,76.4648
1788018808.7243571,8,76.4648
1788018808.820332,8,76.4648
1788018808.91635,8,76.4648
1788018809.028276,8,76.7578
1788018809.124313,8,76.4648
1788018809.220274,8,76.4648
1788018809.316152,8,76.4648
1788018809.428284,8,76.4648
1788018809.524373,8,76.4648
1788018809.620411,8,76.4648
1788018809.7321038,8,76.4648
1788018809.8282292,8,76.4648
1788018809.924321,8,76.4648
1788018810.020236,8,76.4648
1788018810.132195,8,76.4648
1788018810.228266,8,76.4648
1788018810.3243048,8,76.4648
1788018810.420268,8,76.4648
1788018810.532299,8,76.4648
1788018810.628266,8,76.4648
1788018810.724284,8,76.4648
1788018810.820232,8,76.4648
1788018810.9322,8,76.4648
1788018811.0282319,8,76.4648
1788018811.124295,8,76.4648
1788018811.220075,8,76.4648
1788018811.3322082,8,76.4648
1788018811.428233,8,76.4648
1788018811.5242171,8,76.4648
1788018811.620241,8,76.4648
1788018811.732121,8,76.4648
1788018811.8281522,8,76.4648
1788018811.924191,8,76.4648
1788018812.0201962,8,76.4648
1788018812.132132,8,76.4648
1788018812.2280772,8,76.4648
1788018812.3242052,8,76.4648
1788018812.420077,8,76.4648
1788018812.532196,8,76.4648
1788018812.6281621,8,76.4648
1788018812.724166,8,76.4648
1788018812.8203268,8,76.4648
1788018812.916078,8,76.4648
1788018813.028212,8,76.4648
1788018813.124042,8,76.4648
1788018813.219945,8,76.4648
1788018813.3160372,8,76.4648
1788018813.428085,8,76.4648
1788018813.524102,8,76.4648
1788018813.620051,8,76.4648
1788018813.7158651,8,76.4648
1788018813.828078,8,76.4648
1788018813.923949,8,76.4648
1788018814.019997,8,76.4648
1788018814.13208,8,76.4648
1788018814.227946,8,76.4648
1788018814.324136,8,76.4648
1788018814.4200408,8,76.4648
1788018814.5321321,8,76.4648
1788018814.627985,8,76.4648
1788018814.723945,8,76.4648
1788018814.820029,8,76.4648
1788018814.932142,8,76.4648
1788018815.027989,8,76.4648
1788018815.124196,8,76.4648
1788018815.220077,8,76.4648
1788018815.316004,8,76.4648
1788018815.4278998,8,76.4648
1788018815.523974,8,76.4648
1788018815.619933,8,76.4648
1788018815.7320151,8,76.4648
1788018815.827944,8,76.4648
1788018815.923975,8,76.4648
1788018816.019978,8,76.4648
1788018816.132013,8,76.4648
1788018816.227881,8,76.4648
1788018816.323956,8,76.4648
1788018816.4198961,8,76.4648
1788018816.531818,8,76.4648
1788018816.627817,8,76.4648
1788018816.723835,8,76.4648
1788018816.819885,8,76.4648
1788018816.915812,8,76.4648
1788018817.02807,8,76.4648
1788018817.1238458,8,76.4648
1788018817.219904,8,76.4648
1788018817.331885,8,76.4648
1788018817.428117,8,76.4648
1788018817.52382,8,76.4648
1788018817.61976,8,76.4648
1788018817.731884,8,76.4648
1788018817.827719,8,76.4648
1788018817.923769,8,76.4648
1788018818.019893,8,76.4648
1788018818.131691,8,76.4648
1788018818.228234,8,76.7578
1788018818.3238358,8,76.4648
1788018818.419987,8,76.4648
1788018818.531816,8,76.4648
1788018818.627776,8,76.4648
1788018818.7236931,8,76.4648
1788018818.819731,8,76.4648
1788018818.931823,8,76.4648
1788018819.027741,8,76.4648
1788018819.12367,8,76.4648
1788018819.219669,8,76.4648
1788018819.33164,8,76.4648
1788018819.427656,8,76.4648
1788018819.523663,8,76.4648
1788018819.619817,8,76.4648
1788018819.731796,8,76.4648
1788018819.827631,8,76.4648
1788018819.923691,8,76.4648
1788018820.019649,8,76.4648
1788018820.131718,8,76.4648
1788018820.227663,8,76.4648
1788018820.323615,8,76.4648
1788018820.419578,8,76.4648
1788018820.531717,8,76.4648
1788018820.628028,8,76.4648
1788018820.723658,8,76.4648
1788018820.819615,8,76.4648
1788018820.9316869,8,76.7578
1788018821.027853,8,76.4648
1788018821.1236732,8,76.4648
1788018821.219649,8,76.4648
1788018821.331708,8,76.4648
1788018821.4275782,8,76.4648
1788018821.523684,8,76.4648
1788018821.6196039,8,76.4648
1788018821.731869,8,76.4648
1788018821.827656,8,76.4648
1788018821.923549,8,76.4648
1788018822.019588,8,76.4648
1788018822.1314828,8,76.4648
1788018822.227508,8,76.4648
1788018822.323628,8,76.4648
1788018822.4194582,8,76.4648
1788018822.531616,8,76.4648
1788018822.627522,8,76.4648
1788018822.7235231,8,76.4648
1788018822.819444,8,76.4648
1788018822.931534,8,76.4648
1788018823.027466,8,76.4648
1788018823.123412,8,76.4648
1788018823.2196312,8,76.4648
1788018823.331475,8,76.4648
1788018823.42743,8,76.4648
1788018823.5234811,8,76.4648
1788018823.6194801,8,76.4648
1788018823.731445,8,76.4648
1788018823.827451,8,76.4648
1788018823.923472,8,76.4648
1788018824.0194418,8,76.4648
1788018824.1314309,8,76.4648
1788018824.227425,8,76.4648
1788018824.32339,8,76.4648
1788018824.419481,8,76.4648
1788018824.515363,8,76.4648
1788018824.627367,8,76.4648
