candidate_id,scene_xml,selected_foundational_pose,feasible_rule,feasible,feasible_pose_count,foundational_pose_count,score,cube_lift,cube_tip_contacts,mean_tip_distance,cube_vel_norm,thumb_x,thumb_y,thumb_len,index_x,index_y,index_len,middle_x,middle_y,middle_len
0,/home/humanoid/Programs/hand/results/phase1/run_20260413_pollard_block/generated_mjcf/scene_tp0d0000p0d0200p0d0000_ip0d0100n0d0123p0d0000_mp0d0100p0d0153p0d0000.xml,phase1_generated_scene,any,True,2.0,2.0,3.420744010616641,0.06419757608917984,3.0,0.009298558239746813,0.05049357350106538,0.0,0.02,0.0,0.01,-0.0123,0.0,0.01,0.0153,0.0
1,/home/humanoid/Programs/hand/results/phase1/run_20260413_pollard_block/generated_mjcf/scene_tp0d0033p0d0145p0d0000_in0d0016n0d0048p0d0099_mp0d0126p0d0208p0d0010.xml,sanity_phase1,any,True,2.0,2.0,2.941224199799632,0.050544507117049255,3.0,0.00897957220613622,0.06582936589879947,0.0032870804957149027,0.014474881130332889,0.0,-0.001603336747315302,-0.004781514259193461,0.009906133854665322,0.012559258618412316,0.02080791746361596,0.0010469997951701483
2,/home/humanoid/Programs/hand/results/phase1/run_20260413_pollard_block/generated_mjcf/scene_tp0d0104p0d0276p0d0000_ip0d0186n0d0235p0d0055_mp0d0022p0d0240p0d0010.xml,phase1_generated_scene,any,False,0.0,2.0,0.9115472820014641,0.04621106287886226,2.0,0.014979283791065197,9.839209007843897,0.010441738170906437,0.02758048529891677,0.0,0.018577702638101663,-0.023493946192668855,0.005511730714318659,0.002215734894461416,0.024016294136397276,0.0009950692859782007
3,/home/humanoid/Programs/hand/results/phase1/run_20260413_pollard_block/generated_mjcf/scene_tn0d0048p0d0181p0d0000_ip0d0010n0d0082p0d0035_mp0d0128p0d0125p0d0119.xml,sanity_phase1,any,True,2.0,2.0,2.9144288606078073,0.04976565906723785,3.0,0.00925279494623073,0.059090779020377994,-0.004806914627102765,0.018144493308743802,0.0,0.0009827986359895336,-0.008205014047352873,0.003532548277782002,0.012769242675550093,0.012508261302285202,0.011933038458941066
4,/home/humanoid/Programs/hand/results/phase1/run_20260413_pollard_block/generated_mjcf/scene_tp0d0115p0d0245p0d0036_ip0d0145n0d0150p0d0000_mp0d0153p0d0159p0d0000.xml,sanity_phase1,any,True,2.0,2.0,2.8822661279200728,0.049051938896539166,3.0,0.009064060935480574,0.10949074391891155,0.011540048130629522,0.024453007627536674,0.0036110226304275905,0.014522721533702562,-0.014965885824501509,0.0,0.01531572016465796,0.01590850373941742,0.0
5,/home/humanoid/Programs/hand/results/phase1/run_20260413_pollard_block/generated_mjcf/scene_tn0d0003p0d0293p0d0104_ip0d0066n0d0106p0d0000_mp0d0123p0d0114p0d0000.xml,sanity_phase1,any,True,2.0,2.0,2.9851674227104903,0.05211032602359679,3.0,0.009377759773940767,0.1329231237834416,-0.00033995138803706235,0.02934770802437601,0.010417044382949991,0.006587084721017685,-0.010583284062485737,0.0,0.012263200724792723,0.011409869412171198,0.0
6,/home/humanoid/Programs/hand/results/phase1/run_20260413_pollard_block/generated_mjcf/scene_tp0d0094p0d0135p0d0030_ip0d0000n0d0043p0d0069_mp0d0037p0d0243p0d0000.xml,sanity_phase1,any,True,2.0,2.0,2.977957548805158,0.05158782929566118,3.0,0.008584719632300649,0.06964691518921215,0.009366584448115015,0.013451782244801112,0.002956491472465019,1.6368245977236087e-05,-0.004316540456318454,0.0068903593797284,0.003744866631830852,0.02433562153945689,0.0
7,/home/humanoid/Programs/hand/results/phase1/run_20260413_pollard_block/generated_mjcf/scene_tn0d0039p0d0116p0d0000_ip0d0171n0d0188p0d0000_mp0d0077p0d0081p0d0000.xml,phase1_generated_scene,any,False,0.0,2.0,1.0002475935968376,0.018075065162234585,1.0,0.01618984354068496,1.8752696511369688e-14,-0.003933190546904152,0.011606707205476137,0.0,0.017111782486895065,-0.01876458698415006,0.0,0.007709244155716676,0.008064313068222126,0.0
8,/home/humanoid/Programs/hand/results/phase1/run_20260413_pollard_block/generated_mjcf/scene_tp0d0019p0d0152p0d0041_ip0d0028n0d0017p0d0000_mp0d0005p0d0184p0d0103.xml,sanity_phase1,any,True,2.0,2.0,2.8685237387859917,0.048542553180674415,3.0,0.008915370065704902,0.08423254937468683,0.0019279772636844154,0.015168707187654142,0.004127877070952624,0.002788370655237119,-0.0016892853478440526,0.0,0.0005318867096855088,0.018398595636953022,0.010251709273628819
9,/home/humanoid/Programs/hand/results/phase1/run_20260413_pollard_block/generated_mjcf/scene_tn0d0014p0d0300p0d0000_ip0d0082n0d0094p0d0119_mp0d0208p0d0143p0d0062.xml,sanity_phase1,any,True,2.0,2.0,3.1259407008731253,0.05631970219142382,3.0,0.009631267908145833,0.17324226673611384,-0.0014309482868211845,0.03,0.0,0.008205486996377813,-0.009414877151630932,0.011882316125647777,0.02077464819850637,0.014341083343418305,0.006185492287398994
10,/home/humanoid/Programs/hand/results/phase1/run_20260413_pollard_block/generated_mjcf/scene_tn0d0001p0d0207p0d0069_ip0d0080n0d0067p0d0051_mp0d0204p0d0061p0d0055.xml,sanity_phase1,any,True,2.0,2.0,3.1393076617869564,0.056882776925527456,3.0,0.00960519384688052,0.21586095275162462,-6.185530829714431e-05,0.02070349184472249,0.00685885681713138,0.0079517403845361,-0.006672394277070495,0.005067429071753997,0.020369432478721076,0.006058383198741723,0.005496362809831425
11,/home/humanoid/Programs/hand/results/phase1/run_20260413_pollard_block/generated_mjcf/scene_tp0d0103p0d0300p0d0000_ip0d0187n0d0008p0d0110_mp0d0016p0d0266p0d0094.xml,sanity_phase1,any,True,1.0,2.0,2.0109690304045778,0.04883642554222861,2.0,0.011243659893796413,3.1721236252388714,0.010258174286989438,0.03,0.0,0.018727362165893817,-0.0007513190384077374,0.010973044310663125,0.0015703362935799488,0.026643091531750922,0.009358453337292495
12,/home/humanoid/Programs/hand/results/phase1/run_20260413_pollard_block/generated_mjcf/scene_tp0d0077p0d0195p0d0000_ip0d0172n0d0021p0d0000_mp0d0109p0d0139p0d0103.xml,sanity_phase1,any,True,2.0,2.0,2.8980499001322717,0.049379185512879564,3.0,0.009069140223800525,0.08055541580608062,0.007736971861033691,0.019519710171387972,0.0,0.017245133889239386,-0.0021352761651967315,0.0,0.010934425782932486,0.013926067895388755,0.01034441558354772
13,/home/humanoid/Programs/hand/results/phase1/run_20260413_pollard_block/generated_mjcf/scene_tn0d0110p0d0256p0d0027_in0d0013n0d0070p0d0000_mp0d0162p0d0156p0d0103.xml,phase1_generated_scene,any,False,0.0,2.0,-0.0639895323399212,2.535645304835299e-13,0.0,0.031994766174397934,6.600077837193226e-16,-0.011027742931477569,0.025568148695757457,0.002744957926775919,-0.001319231237275495,-0.007038725452158232,0.0,0.016190824056554275,0.015606209358289873,0.010298501299128147
14,/home/humanoid/Programs/hand/results/phase1/run_20260413_pollard_block/generated_mjcf/scene_tn0d0104p0d0282p0d0000_ip0d0063n0d0140p0d0112_mp0d0115p0d0095p0d0000.xml,phase1_generated_scene,any,True,2.0,2.0,2.496331924979294,0.03889927675546913,3.0,0.009629164794169934,0.30589621249190335,-0.010414020078622207,0.0281916147106972,0.0,0.006263439491299004,-0.013972830433252,0.011185489938817683,0.011493564213482969,0.009512750236102374,0.0
15,/home/humanoid/Programs/hand/results/phase1/run_20260413_pollard_block/generated_mjcf/scene_tp0d0093p0d0134p0d0000_ip0d0049n0d0102p0d0013_mp0d0174p0d0168p0d0000.xml,sanity_phase1,any,True,2.0,2.0,2.896331637391461,0.049398269672429856,3.0,0.008908754539391562,0.09860194709867304,0.009314839695820316,0.013420866282015786,0.0,0.004919938168181862,-0.010233046444494413,0.001298172052158427,0.017433058621906666,0.01675142284814846,0.0
16,/home/humanoid/Programs/hand/results/phase1/run_20260413_pollard_block/generated_mjcf/scene_tn0d0021p0d0276p0d0030_ip0d0210n0d0154p0d0013_mp0d0123p0d0237p0d0000.xml,sanity_phase1,any,False,0.0,2.0,2.0889398503562138,0.04366435910410824,2.0,0.015309732828502287,1.391288350870466,-0.002090487775658576,0.02763490330330185,0.003036155098074084,0.021017863424738617,-0.01543429413379966,0.0012626762525108932,0.01225418083871604,0.023658988998601437,0.0
17,/home/humanoid/Programs/hand/results/phase1/run_20260413_pollard_block/generated_mjcf/scene_tn0d0022p0d0298p0d0000_ip0d0177n0d0143p0d0079_mn0d0018p0d0121p0d0000.xml,phase1_generated_scene,any,False,0.0,2.0,2.191030896146153,0.04045121896173627,2.0,0.012380830767927046,7.065250825090609e-07,-0.00224375191804496,0.02983901507989513,0.0,0.01774495072435605,-0.014330783103090609,0.007915295646674467,-0.0017610905406249926,0.012061107786198495,0.0
18,/home/humanoid/Programs/hand/results/phase1/run_20260413_pollard_block/generated_mjcf/scene_tp0d0037p0d0146p0d0049_ip0d0207n0d0213p0d0088_mn0d0006p0d0124p0d0000.xml,sanity_phase1,any,False,0.0,2.0,2.12349762796677,0.03876456099109558,2.0,0.016631001050551642,3.0803146364789325e-08,0.003662749832079322,0.014572378366389374,0.00486364969583487,0.02065123424661018,-0.021256389545730052,0.008754679089618578,-0.0005728603615918777,0.012438492199461346,0.0
19,/home/humanoid/Programs/hand/results/phase1/run_20260413_pollard_block/generated_mjcf/scene_tn0d0003p0d0300p0d0066_ip0d0054n0d0178p0d0087_mp0d0192p0d0156p0d0000.xml,sanity_phase1,any,True,2.0,2.0,3.068683235044411,0.0559130248568063,3.0,0.009524458862514233,0.4614914481252061,-0.0002676108759968581,0.03,0.0066165885144438795,0.005412576705262264,-0.017823917147980796,0.008714884900543628,0.01915137214570456,0.015556956133047486,0.0
20,/home/humanoid/Programs/hand/results/phase1/run_20260413_pollard_block/generated_mjcf/scene_tp0d0119p0d0156p0d0000_ip0d0191n0d0048p0d0040_mp0d0210p0d0255p0d0060.xml,sanity_phase1,any,True,2.0,2.0,2.647144435572549,0.042870447712610824,3.0,0.00917957648756036,0.23308054262472808,0.011878016355862029,0.015582645088824804,0.0,0.01912235491129767,-0.0048039504453299044,0.004029345733712431,0.021001927162670846,0.02551714985314605,0.005957964079242099
21,/home/humanoid/Programs/hand/results/phase1/run_20260413_pollard_block/generated_mjcf/scene_tp0d0087p0d0139p0d0000_ip0d0141n0d0071p0d0000_mp0d0075p0d0251p0d0015.xml,sanity_phase1,any,True,1.0,2.0,1.1366305815185647,0.0398861315543708,2.0,0.009976919197080927,6.929534563268343,0.008656833829144266,0.01393152176773058,0.0,0.014081484383558463,-0.007149155120285933,0.0,0.007493374554517023,0.025146138389185314,0.0014736184212053513
22,/home/humanoid/Programs/hand/results/phase1/run_20260413_pollard_block/generated_mjcf/scene_tp0d0019p0d0127p0d0006_ip0d0106n0d0222p0d0116_mp0d0117p0d0035p0d0065.xml,phase1_generated_scene,any,True,1.0,2.0,2.9697531755111273,0.051109881532832635,3.0,0.009546339068716547,3.8808448260839946e-12,0.001880061958230544,0.012659114549379047,0.000624533966829004,0.010562433457478078,-0.02216554463408947,0.011566624635040951,0.011713494410938587,0.003453813183943444,0.006543580829409326
23,/home/humanoid/Programs/hand/results/phase1/run_20260413_pollard_block/generated_mjcf/scene_tp0d0115p0d0222p0d0000_ip0d0025n0d0082p0d0000_mp0d0119p0d0178p0d0111.xml,sanity_phase1,any,True,2.0,2.0,2.929252744888273,0.04994086118841948,3.0,0.008769810196791268,0.007585175418843093,0.011478377132163497,0.02215688067970281,0.0,0.0025001851774668375,-0.008159360785995136,0.0,0.011864509420428621,0.017753740233111017,0.011098154234985145
24,/home/humanoid/Programs/hand/results/phase1/run_20260413_pollard_block/generated_mjcf/scene_tn0d0103p0d0200p0d0059_ip0d0023n0d0150p0d0000_mp0d0154p0d0054p0d0000.xml,sanity_phase1,any,True,2.0,2.0,3.1043687247945186,0.05585195547686158,3.0,0.009618231653561592,0.20808835725676056,-0.010265633627282958,0.019999347767806847,0.0058583395027835584,0.0022534417713918117,-0.014986398437171538,0.0,0.015421140730618644,0.005406429282227681,0.0
25,/home/humanoid/Programs/hand/results/phase1/run_20260413_pollard_block/generated_mjcf/scene_tp0d0090p0d0193p0d0099_ip0d0164n0d0023p0d0000_mn0d0002p0d0050p0d0089.xml,phase1_generated_scene,any,False,0.0,2.0,-0.05418125297677903,4.0033948378592754e-13,0.0,0.027090626495395412,6.150385870550823e-16,0.008964543146897572,0.019335208082000274,0.009902926407381257,0.016382010825732936,-0.00233222495731762,0.0,-0.00023449027206483113,0.004987830085661232,0.008852503064335663
26,/home/humanoid/Programs/hand/results/phase1/run_20260413_pollard_block/generated_mjcf/scene_tp0d0032p0d0199p0d0000_ip0d0142n0d0167p0d0051_mp0d0090p0d0155p0d0070.xml,phase1_generated_scene,any,True,2.0,2.0,1.6375394148799383,0.024526121986300116,2.0,0.010437427319359288,1.231503780565701e-11,0.003217679504338638,0.019917720651172473,0.0,0.014169602505454569,-0.01666758269170085,0.005061116718382677,0.009048527892815794,0.015479276653068651,0.006951977579036889
27,/home/humanoid/Programs/hand/results/phase1/run_20260413_pollard_block/generated_mjcf/scene_tn0d0098p0d0219p0d0000_ip0d0174n0d0126p0d0117_mp0d0024p0d0264p0d0072.xml,sanity_phase1,any,False,0.0,2.0,0.5664519308085134,0.04092770807639902,2.0,0.016804525392128473,10.882725340541302,-0.009774108587438862,0.02189020407976406,0.0,0.017395282043525633,-0.012567695132897762,0.011728688000827672,0.0023906397922172492,0.026412459362982414,0.0072220088786066165
28,/home/humanoid/Programs/hand/results/phase1/run_20260413_pollard_block/generated_mjcf/scene_tn0d0004p0d0275p0d0025_ip0d0137n0d0024p0d0000_mp0d0180p0d0125p0d0000.xml,phase1_generated_scene,any,True,2.0,2.0,2.9068059573270237,0.0496614562383928,3.0,0.009400597889089361,0.08362543492363797,-0.00044974808219355386,0.02752481754031125,0.002468373725786793,0.013722905535793127,-0.0023714216950226647,0.0,0.018039716895001612,0.01246355471918973,0.0
29,/home/humanoid/Programs/hand/results/phase1/run_20260413_pollard_block/generated_mjcf/scene_tp0d0119p0d0267p0d0000_ip0d0081n0d0032p0d0000_mp0d0150p0d0222p0d0072.xml,sanity_phase1,any,True,2.0,2.0,2.927621121827979,0.0499272616822525,3.0,0.008881363144789335,0.013802071741863335,0.011856642509039624,0.026748572049833077,0.0,0.00814308151419475,-0.0032393062590768944,0.0,0.015002050165932786,0.022239710968923507,0.007180713113186753
30,/home/humanoid/Programs/hand/results/phase1/run_20260413_pollard_block/generated_mjcf/scene_tn0d0043p0d0271p0d0000_ip0d0067n0d0143p0d0010_mp0d0007p0d0131p0d0000.xml,phase1_generated_scene,any,True,2.0,2.0,3.1755169575083735,0.058085899822878054,3.0,0.009262609762797542,0.2597621117784235,-0.004265118606244038,0.02711934038590531,0.0,0.006695390811629658,-0.014281245307094884,0.00099383960712395,0.0007027279729733722,0.013066747215343347,0.0
31,/home/humanoid/Programs/hand/results/phase1/run_20260413_pollard_block/generated_mjcf/scene_tp0d0059p0d0284p0d0000_ip0d0149n0d0046p0d0116_mp0d0183p0d0135p0d0115.xml,phase1_generated_scene,any,True,2.0,2.0,2.88186601968799,0.048938994177514746,3.0,0.009294299840829206,0.08273451228911849,0.005865137432337578,0.028445021893622167,0.0,0.014890858462403149,-0.004593525878528669,0.011563879748923051,0.01825097349684944,0.013478555650656308,0.011512529004231758
32,/home/humanoid/Programs/hand/results/phase1/run_20260413_pollard_block/generated_mjcf/scene_tp0d0114p0d0201p0d0061_ip0d0199n0d0129p0d0087_mp0d0148p0d0104p0d0064.xml,phase1_generated_scene,any,True,1.0,2.0,3.1532233018796587,0.05659913558379806,3.0,0.009526767853972535,0.0579527189688589,0.011375625716456523,0.020088247500813894,0.006082716926013726,0.019932104024155912,-0.012872470272749927,0.008730869786330038,0.014837645585484947,0.010354182143389382,0.006423654479603365
33,/home/humanoid/Programs/hand/results/phase1/run_20260413_pollard_block/generated_mjcf/scene_tp0d0017p0d0103p0d0000_in0d0002n0d0129p0d0000_mp0d0082p0d0174p0d0000.xml,phase1_generated_scene,any,True,2.0,2.0,2.902459014054228,0.049496136607790384,3.0,0.009094019153960164,0.07811819273676857,0.0016964348606279787,0.01025228368239935,0.0,-0.00023021567845265753,-0.012871992882792106,0.0,0.008169698631290736,0.017371208486178825,0.0
34,/home/humanoid/Programs/hand/results/phase1/run_20260413_pollard_block/generated_mjcf/scene_tp0d0104p0d0244p0d0078_ip0d0195n0d0103p0d0000_mp0d0151p0d0170p0d0078.xml,sanity_phase1,any,True,2.0,2.0,2.8237329451738304,0.04733895875932699,3.0,0.009280885350896469,0.09712560467214292,0.010410453838964225,0.024417210753800794,0.0077707526014265185,0.01952322957433024,-0.010300318873836577,0.0,0.015075683778826192,0.016956620502320593,0.007822973332089582
35,/home/humanoid/Programs/hand/results/phase1/run_20260413_pollard_block/generated_mjcf/scene_tp0d0008p0d0275p0d0119_ip0d0064n0d0202p0d0000_mp0d0161p0d0138p0d0021.xml,sanity_phase1,any,True,2.0,2.0,2.9676641345294463,0.051881710070867205,3.0,0.009481441656918272,0.19488556424713155,0.0007718513633842589,0.027517858288740617,0.011928247033739802,0.006413315472829315,-0.02019548543950382,0.0,0.016073199756776235,0.013841494364599355,0.0021211226263011564
36,/home/humanoid/Programs/hand/results/phase1/run_20260413_pollard_block/generated_mjcf/scene_tn0d0089p0d0254p0d0000_ip0d0026n0d0036p0d0015_mp0d0096p0d0249p0d0000.xml,sanity_phase1,any,True,2.0,2.0,2.9471975354076783,0.05075828567635825,3.0,0.009359042310447022,0.07082919095977909,-0.008943396673879896,0.025426964262415527,0.0,0.0025748214496964378,-0.0035892000340033304,0.0015459077068942575,0.00962797461631001,0.02487177036596363,0.0
37,/home/humanoid/Programs/hand/results/phase1/run_20260413_pollard_block/generated_mjcf/scene_tp0d0047p0d0159p0d0000_ip0d0142n0d0156p0d0000_mp0d0206p0d0081p0d0003.xml,sanity_phase1,any,True,2.0,2.0,2.93556578695063,0.0621212767950725,2.0,0.01022006125679034,0.12159185575550811,0.004707706808181427,0.01587157495435046,0.0,0.014195167599214695,-0.015592273179289533,0.0,0.02064826636550051,0.008083160176307667,0.00029216778810564094
38,/home/humanoid/Programs/hand/results/phase1/run_20260413_pollard_block/generated_mjcf/scene_tn0d0114p0d0119p0d0092_ip0d0169n0d0109p0d0000_mp0d0114p0d0036p0d0051.xml,phase1_generated_scene,any,False,0.0,2.0,1.0592201617609451,0.019624170950082235,1.0,0.013812910724150277,2.9088507754699555e-10,-0.011423683183887617,0.011920834187286948,0.009202049607205488,0.01694194115806423,-0.010935948238704234,0.0,0.011385941982911355,0.0035915166267267012,0.005111847142510097
39,/home/humanoid/Programs/hand/results/phase1/run_20260413_pollard_block/generated_mjcf/scene_tp0d0052p0d0235p0d0027_in0d0002n0d0184p0d0018_mp0d0075p0d0271p0d0102.xml,sanity_phase1,any,True,2.0,2.0,2.928839041257864,0.049964935165284025,3.0,0.008874074128722058,0.014570275130884788,0.005202016333529475,0.023505080565592515,0.002672128422604829,-0.00023080561701109906,-0.018386256742776587,0.0017850731543503657,0.007460482384693542,0.027108557485954678,0.010169888577004349
40,/home/humanoid/Programs/hand/results/phase1/run_20260413_pollard_block/generated_mjcf/scene_tn0d0084p0d0222p0d0047_ip0d0013n0d0168p0d0052_mp0d0196p0d0115p0d0000.xml,sanity_phase1,any,True,2.0,2.0,2.0048095567613093,0.04711314181054934,2.0,0.011522040181372825,2.8073755083011456,-0.008351810339459111,0.022159054223588735,0.004709162546482959,0.0012770419432212663,-0.016797704469571892,0.005182028326211865,0.019626594242148077,0.011501823604947245,0.0
41,/home/humanoid/Programs/hand/results/phase1/run_20260413_pollard_block/generated_mjcf/scene_tp0d0077p0d0220p0d0000_ip0d0041n0d0226p0d0000_mp0d0119p0d0079p0d0114.xml,sanity_phase1,any,True,2.0,2.0,3.237790239439726,0.05884407261475057,3.0,0.009229568647190968,0.02195443188107929,0.007723008065525151,0.022039584325416278,0.0,0.0041476005142694165,-0.022556199632440297,0.0,0.011919284333538276,0.007886646563041794,0.011412791482243691
42,/home/humanoid/Programs/hand/results/phase1/run_20260413_pollard_block/generated_mjcf/scene_tn0d0094p0d0189p0d0000_ip0d0036n0d0063p0d0034_mp0d0154p0d0053p0d0000.xml,sanity_phase1,any,True,2.0,2.0,3.2616296410777075,0.06005983159841302,3.0,0.009640209723063464,0.14122696947080776,-0.009420546518732465,0.0188501309198506,0.0,0.003575475406852743,-0.00632986259990556,0.003448914289927449,0.015418184441244877,0.005287405821515873,0.0
43,/home/humanoid/Programs/hand/results/phase1/run_20260413_pollard_block/generated_mjcf/scene_tp0d0005p0d0182p0d0000_ip0d0027n0d0016p0d0000_mp0d0184p0d0230p0d0000.xml,phase1_generated_scene,any,True,2.0,2.0,2.9141309805161155,0.049628703067414716,3.0,0.009276159458137034,0.028808719514171386,0.00047599378402156216,0.018241307449525786,0.0,0.0026566589176190373,-0.001619408440688962,0.0,0.018449255979106606,0.02303129181754656,0.0
44,/home/humanoid/Programs/hand/results/phase1/run_20260413_pollard_block/generated_mjcf/scene_tn0d0008p0d0278p0d0043_ip0d0181n0d0061p0d0046_mp0d0199p0d0230p0d0000.xml,phase1_generated_scene,any,True,1.0,2.0,0.3433676420203484,0.03899467520076942,2.0,0.01156651227341452,11.988753103065017,-0.000797195523737677,0.027776043383598063,0.0043364718136851,0.018086649674297704,-0.006117681940029028,0.004590515506574511,0.019911378544165075,0.023047371194270132,0.0
45,/home/humanoid/Programs/hand/results/phase1/run_20260413_pollard_block/generated_mjcf/scene_tp0d0060p0d0101p0d0000_ip0d0075n0d0194p0d0105_mp0d0003p0d0034p0d0000.xml,phase1_generated_scene,any,False,0.0,2.0,1.0273014323425558,0.0186513784936077,1.0,0.012748407466853082,5.079140586139692e-14,0.005957382601949876,0.010080351754749027,0.0,0.007522045291682206,-0.019447965744588368,0.010509722607263742,0.00027464028066800754,0.0034175859597258135,0.0
46,/home/humanoid/Programs/hand/results/phase1/run_20260413_pollard_block/generated_mjcf/scene_tp0d0118p0d0144p0d0079_ip0d0022n0d0102p0d0110_mp0d0152p0d0268p0d0018.xml,sanity_phase1,any,True,2.0,2.0,2.89315093704911,0.049377592989614735,3.0,0.00894750387690352,0.11446539889065757,0.011777873237789328,0.014352683081322558,0.007936662372425542,0.0021547272884911706,-0.010226919484838934,0.011001824044305407,0.01519631762957937,0.026832191404283674,0.0017893595781369523
47,/home/humanoid/Programs/hand/results/phase1/run_20260413_pollard_block/generated_mjcf/scene_tp0d0116p0d0281p0d0067_ip0d0193n0d0091p0d0000_mp0d0107p0d0087p0d0067.xml,phase1_generated_scene,any,True,2.0,2.0,2.887637093339954,0.04898033001384981,3.0,0.009149811948061254,0.055832221657777736,0.011600032957282114,0.028089128761280092,0.006677957426446279,0.019323757285876007,-0.0091442035857212,0.0,0.010678778561367832,0.008736009496376724,0.006661058973160928
48,/home/humanoid/Programs/hand/results/phase1/run_20260413_pollard_block/generated_mjcf/scene_tn0d0079p0d0219p0d0009_ip0d0141n0d0060p0d0000_mp0d0130p0d0132p0d0027.xml,phase1_generated_scene,any,True,2.0,2.0,2.1501782922026003,0.039199684132056795,2.0,0.010905326128501473,1.0825643832869669e-09,-0.007918115961243205,0.02185275077567818,0.0008615743098987442,0.014125667283464571,-0.006048321632033999,0.0,0.012998583080031604,0.013234941179164626,0.0027408344560308894
49,/home/humanoid/Programs/hand/results/phase1/run_20260413_pollard_block/generated_mjcf/scene_tp0d0047p0d0221p0d0056_ip0d0105n0d0132p0d0000_mp0d0035p0d0200p0d0047.xml,sanity_phase1,any,True,2.0,2.0,2.9649770537344287,0.05116519257544343,3.0,0.009040699638596031,0.05148858085933044,0.004655629035515887,0.022051510058254925,0.005589265844609163,0.010480606172911551,-0.013191172580897479,0.0,0.003499640079920957,0.019987250546203643,0.004697072467498984
50,/home/humanoid/Programs/hand/results/phase1/run_20260413_pollard_block/generated_mjcf/scene_tn0d0073p0d0300p0d0041_ip0d0107n0d0041p0d0000_mp0d0094p0d0095p0d0000.xml,phase1_generated_scene,any,True,1.0,2.0,3.291042086482774,0.06052468509186054,3.0,0.00947812545682138,0.055770938791350075,-0.007308419688561688,0.03,0.004107618726945504,0.01074918695703583,-0.004111791562920778,0.0,0.009422676882407844,0.009498585601860884,0.0
51,/home/humanoid/Programs/hand/results/phase1/run_20260413_pollard_block/generated_mjcf/scene_tp0d0051p0d0283p0d0043_ip0d0069n0d0105p0d0015_mp0d0205p0d0126p0d0000.xml,phase1_generated_scene,any,True,2.0,2.0,2.9037219709805346,0.04941103713354891,3.0,0.009231364335286632,0.04801066682069475,0.00507889389314202,0.02825866323773702,0.004267170674303017,0.006851716400702805,-0.010482669810742749,0.0015218993681757591,0.020477586003383057,0.012604181086936542,0.0
52,/home/humanoid/Programs/hand/results/phase1/run_20260413_pollard_block/generated_mjcf/scene_tp0d0090p0d0295p0d0000_ip0d0028n0d0090p0d0069_mp0d0126p0d0079p0d0000.xml,sanity_phase1,any,True,2.0,2.0,2.9245238297092055,0.049919691975897254,3.0,0.008996282950425503,0.031152156975650106,0.00904638943989626,0.029473483925284844,0.0,0.0027573767401475767,-0.009029192313612964,0.006932283735236109,0.012560620161773211,0.007898140707037397,0.0
53,/home/humanoid/Programs/hand/results/phase1/run_20260413_pollard_block/generated_mjcf/scene_tp0d0001p0d0276p0d0000_in0d0002n0d0111p0d0000_mn0d0004p0d0219p0d0077.xml,phase1_generated_scene,any,True,2.0,2.0,2.928393405576137,0.049920995831368206,3.0,0.008943866146766224,0.006358108188120132,0.00014334321756440463,0.027572249759816276,0.0,-0.00019681532305319306,-0.011074920100960688,0.0,-0.0003818307083775299,0.021858350352990434,0.00770943854587014
54,/home/humanoid/Programs/hand/results/phase1/run_20260413_pollard_block/generated_mjcf/scene_tn0d0024p0d0151p0d0000_ip0d0067n0d0105p0d0007_mp0d0065p0d0186p0d0042.xml,sanity_phase1,any,True,2.0,2.0,2.918759422756272,0.05019261806019787,3.0,0.009162900332515893,0.13104272457081445,-0.0024399467736423517,0.015057832644038826,0.0,0.006663314219880421,-0.01045421656520971,0.0006676818746994568,0.006528380348144711,0.018598103501716354,0.004218418606739039
55,/home/humanoid/Programs/hand/results/phase1/run_20260413_pollard_block/generated_mjcf/scene_tp0d0014p0d0173p0d0030_ip0d0122n0d0161p0d0000_mp0d0111p0d0180p0d0027.xml,sanity_phase1,any,True,2.0,2.0,2.743756999978069,0.04536375435847835,3.0,0.009285250899846978,0.1693593384598627,0.0013986947514008224,0.017295077961244975,0.0029736667665392225,0.012205666797138652,-0.016132227422864007,0.0,0.011097973096462878,0.017996201736044416,0.00265916253412341
56,/home/humanoid/Programs/hand/results/phase1/run_20260413_pollard_block/generated_mjcf/scene_tn0d0028p0d0216p0d0117_ip0d0083n0d0041p0d0000_mp0d0190p0d0259p0d0000.xml,phase1_generated_scene,any,True,2.0,2.0,2.9184043584549095,0.049951152819924696,3.0,0.00969076883404904,0.07002968382904709,-0.002811887786451483,0.021578573773190127,0.011658471244714058,0.008272588457054841,-0.004067646849840225,0.0,0.019005478088847325,0.02590094773271727,0.0
57,/home/humanoid/Programs/hand/results/phase1/run_20260413_pollard_block/generated_mjcf/scene_tn0d0117p0d0196p0d0000_ip0d0213n0d0028p0d0111_mp0d0125p0d0157p0d0080.xml,phase1_generated_scene,any,False,0.0,2.0,2.2240431773261173,0.041511398825464105,2.0,0.01442788313596186,1.019546838111111e-07,-0.011709566023867376,0.019592201922411186,0.0,0.021319150102846428,-0.00275523755717884,0.01105595726232652,0.012492871785778067,0.015663848805663412,0.00798522838512554
58,/home/humanoid/Programs/hand/results/phase1/run_20260413_pollard_block/generated_mjcf/scene_tp0d0037p0d0140p0d0104_ip0d0086n0d0057p0d0000_mp0d0024p0d0104p0d0018.xml,sanity_phase1,any,False,0.0,2.0,-0.030670585697738634,1.5474399227277669e-09,0.0,0.015335319929067918,6.248413785499606e-16,0.0036563751765365075,0.013965384232813884,0.010422864918188692,0.008552786799172752,-0.005734650520576824,2.251096772368233e-05,0.002400549834523061,0.010402244328225918,0.0017858584512676114
59,/home/humanoid/Programs/hand/results/phase1/run_20260413_pollard_block/generated_mjcf/scene_tn0d0086p0d0083p0d0000_ip0d0163n0d0096p0d0000_mp0d0152p0d0149p0d0120.xml,phase1_generated_scene,any,False,0.0,2.0,1.0792343652286487,0.02017563928174653,1.0,0.013456504812372492,5.156643982423739e-11,-0.008567949977657268,0.008329708606795487,0.0,0.01629273212462127,-0.00956022543017069,0.0,0.01521378254309184,0.014928351194636959,0.011988032454168646
60,/home/humanoid/Programs/hand/results/phase1/run_20260413_pollard_block/generated_mjcf/scene_tp0d0066p0d0279p0d0000_ip0d0017n0d0195p0d0000_mp0d0103p0d0080p0d0067.xml,sanity_phase1,any,True,2.0,2.0,2.921053518542517,0.04985360594782086,3.0,0.009036465594250967,0.03833172295140833,0.006624759658674734,0.027935154590522218,0.0,0.0016550791083715342,-0.019516706181432,0.0,0.010291578870901609,0.007970624345573628,0.006718674503725958
61,/home/humanoid/Programs/hand/results/phase1/run_20260413_pollard_block/generated_mjcf/scene_tp0d0088p0d0156p0d0002_ip0d0123n0d0070p0d0000_mp0d0047p0d0208p0d0016.xml,sanity_phase1,any,True,2.0,2.0,2.8385853137160924,0.047858155383701306,3.0,0.008787406818698898,0.1258354071737073,0.008842347706013512,0.015584119658245781,0.00019354072215095955,0.012264990460306213,-0.006962923825653033,0.0,0.004740905473675754,0.020836943900601666,0.001636615543023039
62,/home/humanoid/Programs/hand/results/phase1/run_20260413_pollard_block/generated_mjcf/scene_tp0d0096p0d0187p0d0000_ip0d0054n0d0187p0d0036_mp0d0044p0d0240p0d0000.xml,sanity_phase1,any,True,2.0,2.0,2.985808907111089,0.0519917268851757,3.0,0.008583958854433374,0.1115574410746278,0.009598699042534763,0.018748600687729843,0.0,0.005356173220736853,-0.018747058256286107,0.0036183920343215593,0.004352464043744693,0.023994612495433137,0.0
63,/home/humanoid/Programs/hand/results/phase1/run_20260413_pollard_block/generated_mjcf/scene_tp0d0042p0d0216p0d0031_ip0d0195n0d0202p0d0000_mp0d0009p0d0051p0d0008.xml,phase1_generated_scene,any,False,0.0,2.0,-0.06902736388949653,1.3865419229430742e-11,0.0,0.034513682187393056,6.003882680529527e-16,0.0041606311494035465,0.021636419405641566,0.0030830111490938,0.019490002615164113,-0.020220277164734096,0.0,0.00092565331204735,0.005134536502037207,0.0008215445664897757
64,/home/humanoid/Programs/hand/results/phase1/run_20260413_pollard_block/generated_mjcf/scene_tn0d0080p0d0274p0d0000_ip0d0070n0d0129p0d0000_mp0d0065p0d0086p0d0000.xml,sanity_phase1,any,True,2.0,2.0,2.914065854174202,0.06174554296460916,2.0,0.010183367089254085,0.17774276939073275,-0.008022452353145467,0.027372030322243758,0.0,0.006990567321636585,-0.012943104686674348,0.0,0.006541749268414972,0.008646994452682851,0.0
65,/home/humanoid/Programs/hand/results/phase1/run_20260413_pollard_block/generated_mjcf/scene_tp0d0102p0d0180p0d0000_ip0d0127n0d0084p0d0038_mp0d0000p0d0173p0d0057.xml,sanity_phase1,any,True,2.0,2.0,2.83908409347473,0.047832996245402465,3.0,0.008661699864105256,0.11831583590763947,0.010244905457486197,0.01801220879143583,0.0,0.012668186858420182,-0.008360595438035868,0.003846637078264433,3.421521337633286e-05,0.01726566189683254,0.005662166397551415
66,/home/humanoid/Programs/hand/results/phase1/run_20260413_pollard_block/generated_mjcf/scene_tp0d0071p0d0221p0d0000_ip0d0000n0d0165p0d0103_mp0d0093p0d0248p0d0000.xml,sanity_phase1,any,True,2.0,2.0,2.9168611514649725,0.04981977600307655,3.0,0.008849381157053617,0.06088164219066532,0.00709364078744279,0.022124822046544465,0.0,9.767773522696352e-06,-0.01654671136546037,0.010261411427183106,0.009342820692003578,0.024791373771543557,0.0
67,/home/humanoid/Programs/hand/results/phase1/run_20260413_pollard_block/generated_mjcf/scene_tp0d0061p0d0196p0d0050_ip0d0056n0d0029p0d0000_mn0d0019p0d0206p0d0042.xml,sanity_phase1,any,True,2.0,2.0,2.96850571305005,0.05130219209824554,3.0,0.008716642853635425,0.06425149787515491,0.006122834557443047,0.019643052216551368,0.005008854274377212,0.00561230264001231,-0.002943233672719108,0.0,-0.0018517561091773247,0.02060797886680421,0.004238507117869911
68,/home/humanoid/Programs/hand/results/phase1/run_20260413_pollard_block/generated_mjcf/scene_tp0d0038p0d0245p0d0021_ip0d0008n0d0082p0d0000_mp0d0024p0d0134p0d0000.xml,sanity_phase1,any,True,2.0,2.0,2.9206626584452895,0.04982764245181029,3.0,0.008817076622716146,0.03780449415092185,0.0037656347982162504,0.024497960055519838,0.002070341064443596,0.0007666948738843469,-0.008239110662878768,0.0,0.002388229094912815,0.013401081724688357,0.0
69,/home/humanoid/Programs/hand/results/phase1/run_20260413_pollard_block/generated_mjcf/scene_tn0d0091p0d0182p0d0030_ip0d0071n0d0073p0d0000_mp0d0015p0d0213p0d0040.xml,sanity_phase1,any,True,1.0,2.0,0.5424298317991427,0.0384949187434101,2.0,0.011197634204742303,10.54998037207151,-0.009144836102051577,0.018246982496957297,0.0029668138469602177,0.007059122356778417,-0.007296012401118981,0.0,0.001451806534502163,0.021273596267723675,0.004049475114289318
70,/home/humanoid/Programs/hand/results/phase1/run_20260413_pollard_block/generated_mjcf/scene_tn0d0017p0d0113p0d0039_ip0d0160n0d0204p0d0045_mp0d0065p0d0253p0d0060.xml,sanity_phase1,any,False,0.0,2.0,2.169515171479223,0.040021208349072496,2.0,0.015613560368007186,1.5334031618164904e-11,-0.001695103360925699,0.011282414835625114,0.003928409743895453,0.015998937998229143,-0.020365376323012177,0.004543241686324421,0.006535290073162862,0.025262846757352395,0.006036952502601393
71,/home/humanoid/Programs/hand/results/phase1/run_20260413_pollard_block/generated_mjcf/scene_tn0d0054p0d0300p0d0000_ip0d0024n0d0185p0d0056_mp0d0106p0d0144p0d0000.xml,sanity_phase1,any,True,2.0,2.0,2.926457223591268,0.050578513193569846,3.0,0.009379037543034471,0.1668844206507194,-0.0054304519143984886,0.03,0.0,0.002435776347481558,-0.01849432869246876,0.005569922000877223,0.010628032732038916,0.01444500978945759,0.0
72,/home/humanoid/Programs/hand/results/phase1/run_20260413_pollard_block/generated_mjcf/scene_tp0d0062p0d0108p0d0000_ip0d0174n0d0135p0d0090_mp0d0124p0d0222p0d0000.xml,sanity_phase1,any,False,0.0,2.0,1.797264477469784,0.029426184150382895,2.0,0.016325983896804692,5.3290257654071547e-14,0.006155210648630671,0.010810553793238229,0.0,0.01735264766979943,-0.013474860852813792,0.009043625678390614,0.012439938501574144,0.022249071527001167,0.0
73,/home/humanoid/Programs/hand/results/phase1/run_20260413_pollard_block/generated_mjcf/scene_tn0d0044p0d0170p0d0000_ip0d0093n0d0046p0d0000_mp0d0184p0d0246p0d0000.xml,phase1_generated_scene,any,True,2.0,2.0,2.965776893644552,0.05225744502872201,3.0,0.009552338255877318,0.29419337232642484,-0.004410675175764798,0.017040945243216383,0.0,0.009339208587460731,-0.004560812218020674,0.0,0.018435661951111647,0.02463711105944183,0.0
74,/home/humanoid/Programs/hand/results/phase1/run_20260413_pollard_block/generated_mjcf/scene_tn0d0118p0d0150p0d0000_ip0d0213n0d0226p0d0068_mp0d0094p0d0064p0d0000.xml,phase1_generated_scene,any,False,0.0,2.0,1.1979640224115384,0.023726055605093978,1.0,0.01621701080578993,9.268103447216306e-05,-0.011774631129091623,0.015026071347668844,0.0,0.021290785761964172,-0.022586193670716414,0.006751326365479232,0.00941019888610549,0.00641696459455523,0.0
75,/home/humanoid/Programs/hand/results/phase1/run_20260413_pollard_block/generated_mjcf/scene_tn0d0029p0d0138p0d0000_ip0d0081n0d0012p0d0000_mp0d0208p0d0040p0d0000.xml,sanity_phase1,any,True,2.0,2.0,2.6345823243609847,0.05336093184285473,2.0,0.010970986252419409,0.07405545089394647,-0.0028583662300581437,0.0138457400072515,0.0,0.008078051948861801,-0.0012057265220458985,0.0,0.02080324029069562,0.0040327697180053326,0.0
76,/home/humanoid/Programs/hand/results/phase1/run_20260413_pollard_block/generated_mjcf/scene_tn0d0113p0d0240p0d0000_ip0d0118n0d0052p0d0000_mp0d0039p0d0207p0d0000.xml,sanity_phase1,any,False,0.0,2.0,1.6717696718152906,0.04037005658902157,2.0,0.013207417774862056,3.4317831550049345,-0.011332418251265538,0.023982671318296504,0.0,0.011834084351033164,-0.005211212745469809,0.0,0.0038962598250180834,0.020709806091373795,0.0
77,/home/humanoid/Programs/hand/results/phase1/run_20260413_pollard_block/generated_mjcf/scene_tn0d0084p0d0101p0d0057_ip0d0186n0d0029p0d0002_mp0d0017p0d0087p0d0000.xml,phase1_generated_scene,any,False,0.0,2.0,0.9440204566758128,0.016509556232762214,1.0,0.016907005731586974,5.1271374972509085e-11,-0.008418956494816787,0.010098682819272528,0.005692020027346097,0.018649896037094195,-0.00293131012119569,0.00024213617963288712,0.0016829095927515317,0.00871577789468347,0.0
78,/home/humanoid/Programs/hand/results/phase1/run_20260413_pollard_block/generated_mjcf/scene_tp0d0084p0d0236p0d0000_ip0d0161n0d0138p0d0116_mp0d0083p0d0234p0d0000.xml,sanity_phase1,any,False,0.0,2.0,1.6961352768174978,0.046416862308675574,2.0,0.01555939079282572,4.648907482669974,0.008444576966534726,0.02360473805204645,0.0,0.016142527397372305,-0.013849435792305355,0.011586334684659968,0.008289451299635327,0.023392712373685107,0.0
79,/home/humanoid/Programs/hand/results/phase1/run_20260413_pollard_block/generated_mjcf/scene_tp0d0052p0d0176p0d0000_ip0d0028n0d0020p0d0000_mp0d0115p0d0176p0d0086.xml,sanity_phase1,any,True,2.0,2.0,2.917613020118359,0.049752705042970365,3.0,0.00893988992897902,0.03901251018430581,0.005237310362236038,0.017563482626837892,0.0,0.0027718192087738923,-0.0019917236705522656,0.0,0.011478080897803443,0.017636294965843274,0.008602642255188277
80,/home/humanoid/Programs/hand/results/phase1/run_20260413_pollard_block/generated_mjcf/scene_tn0d0008p0d0279p0d0006_ip0d0210n0d0071p0d0099_mp0d0206p0d0226p0d0000.xml,sanity_phase1,any,False,0.0,2.0,2.179530772171291,0.044330044218744064,2.0,0.014910594636468648,0.9479972414120941,-0.0008000030475453623,0.027917390747862772,0.000573517541445712,0.02095203182614285,-0.007101411990425551,0.009890526263616365,0.02061665277540771,0.022553907751633406,0.0
81,/home/humanoid/Programs/hand/results/phase1/run_20260413_pollard_block/generated_mjcf/scene_tn0d0090p0d0228p0d0000_ip0d0072n0d0201p0d0063_mp0d0185p0d0065p0d0004.xml,phase1_generated_scene,any,True,1.0,2.0,2.346666889389579,0.04567820197745518,2.0,0.010247603147581394,0.2104998235079281,-0.009013713642375616,0.02278980200712923,0.0,0.007243655781430538,-0.020128123761032943,0.006292119913449305,0.018507944887493133,0.006487311049542916,0.0004040384823368326
82,/home/humanoid/Programs/hand/results/phase1/run_20260413_pollard_block/generated_mjcf/scene_tn0d0025p0d0270p0d0000_ip0d0155n0d0107p0d0115_mp0d0081p0d0270p0d0000.xml,sanity_phase1,any,False,0.0,2.0,1.5270619038186477,0.048611109740898904,2.0,0.016590674258375866,6.274303923973748,-0.002519689680057913,0.0269603676315392,0.0,0.015539417179556146,-0.010713506962094235,0.011477954736469145,0.00807119382275073,0.027004100871841748,0.0
83,/home/humanoid/Programs/hand/results/phase1/run_20260413_pollard_block/generated_mjcf/scene_tn0d0076p0d0268p0d0000_ip0d0116n0d0088p0d0000_mn0d0012p0d0270p0d0076.xml,sanity_phase1,any,True,1.0,2.0,0.6137640463951257,0.0444788770206086,2.0,0.010757424138872299,11.476545340322874,-0.007615952366620589,0.02676994545049784,0.0,0.011578113540041342,-0.00879563808260816,0.0,-0.0011742335437274105,0.026988800245438982,0.007617363433869751
84,/home/humanoid/Programs/hand/results/phase1/run_20260413_pollard_block/generated_mjcf/scene_tn0d0090p0d0284p0d0000_ip0d0039n0d0058p0d0062_mp0d0183p0d0066p0d0059.xml,phase1_generated_scene,any,True,2.0,2.0,2.8996144041473,0.04922178899669594,3.0,0.009539822145346336,0.027123776309100976,-0.00903107388097255,0.0283512663229558,0.0,0.003934833769319825,-0.005757207590804102,0.006176688296570931,0.018302976254368976,0.006579648189279809,0.005942068205402055
85,/home/humanoid/Programs/hand/results/phase1/run_20260413_pollard_block/generated_mjcf/scene_tn0d0007p0d0158p0d0056_ip0d0183n0d0166p0d0000_mp0d0218p0d0254p0d0000.xml,sanity_phase1,any,True,2.0,2.0,2.213758296919244,0.04104667146907007,2.0,0.011437165177864915,5.827616521838634e-06,-0.0007242270174430531,0.01582120179505725,0.005623269061173778,0.018283433942996835,-0.01656094181848386,0.0,0.021800433240013316,0.025360559741709553,0.0
86,/home/humanoid/Programs/hand/results/phase1/run_20260413_pollard_block/generated_mjcf/scene_tp0d0075p0d0102p0d0099_ip0d0166n0d0196p0d0000_mp0d0123p0d0118p0d0057.xml,phase1_generated_scene,any,False,0.0,2.0,-0.03223050111593812,3.0014185581350716e-14,0.0,0.016115250558494245,8.573386277202674e-16,0.007545943391991963,0.010152637333193278,0.009901101778887714,0.016591653646360095,-0.019575285245747365,0.0,0.012293316516183985,0.011838183941553431,0.005669611582738907
87,/home/humanoid/Programs/hand/results/phase1/run_20260413_pollard_block/generated_mjcf/scene_tp0d0022p0d0130p0d0026_in0d0017n0d0216p0d0000_mp0d0065p0d0036p0d0103.xml,sanity_phase1,any,True,2.0,2.0,2.92426307404048,0.04994069178529014,3.0,0.00897835150692818,0.03802956953879189,0.002216708864255847,0.012968687661631752,0.002642628237215415,-0.0016625819564261152,-0.021618052432726936,0.0,0.006488265088465934,0.003585833720184428,0.01031778056792828
88,/home/humanoid/Programs/hand/results/phase1/run_20260413_pollard_block/generated_mjcf/scene_tn0d0063p0d0145p0d0000_ip0d0206n0d0159p0d0000_mp0d0052p0d0267p0d0000.xml,sanity_phase1,any,False,0.0,2.0,1.6690470239867525,0.040449170067854257,2.0,0.01955468063958777,3.383763780726476,-0.006251785068665728,0.014495325210681365,0.0,0.020577729177482608,-0.015856336100447087,0.0,0.00516417454005876,0.026729880841243052,0.0
89,/home/humanoid/Programs/hand/results/phase1/run_20260413_pollard_block/generated_mjcf/scene_tn0d0100p0d0238p0d0052_ip0d0069n0d0192p0d0000_mp0d0085p0d0272p0d0086.xml,phase1_generated_scene,any,True,2.0,2.0,0.9144123477195616,0.03886954605650997,2.0,0.010277000528718513,8.169785088005671,-0.009995101896248837,0.02379157746173784,0.005198518097171433,0.0069337845806804535,-0.0192267562692027,0.0,0.00853763705229673,0.027187195281308668,0.008602447813300492
90,/home/humanoid/Programs/hand/results/phase1/run_20260413_pollard_block/generated_mjcf/scene_tp0d0029p0d0127p0d0045_ip0d0162n0d0225p0d0000_mp0d0058p0d0170p0d0037.xml,sanity_phase1,any,False,0.0,2.0,2.127629400698815,0.03862807855074345,2.0,0.012176674288555718,6.31530023435221e-13,0.0029018135620788327,0.012654030748838113,0.004509948513336814,0.016215976054769522,-0.022490670271335656,0.0,0.005844347141099411,0.0169903517426752,0.0036732772408389104
91,/home/humanoid/Programs/hand/results/phase1/run_20260413_pollard_block/generated_mjcf/scene_tn0d0076p0d0193p0d0118_in0d0016n0d0154p0d0000_mp0d0077p0d0242p0d0000.xml,phase1_generated_scene,any,True,1.0,2.0,5.240597839016803,0.11599226836504063,3.0,0.009564134895174227,2.1893128473064962e-05,-0.007646693078679328,0.019271826466729144,0.01181202927686147,-0.0016195366585430217,-0.015396153316103115,0.0,0.007733992480541187,0.024160649172592356,0.0
92,/home/humanoid/Programs/hand/results/phase1/run_20260413_pollard_block/generated_mjcf/scene_tp0d0092p0d0218p0d0000_ip0d0041n0d0045p0d0035_mp0d0031p0d0064p0d0000.xml,sanity_phase1,any,True,2.0,2.0,2.9061248094874137,0.049915187040554504,3.0,0.009174564265066671,0.1503840560124064,0.009193872035903945,0.02181295623272573,0.0,0.0040552741037858985,-0.0045332674722808695,0.003460812432078599,0.0030934256771718233,0.006421691842922003,0.0
93,/home/humanoid/Programs/hand/results/phase1/run_20260413_pollard_block/generated_mjcf/scene_tp0d0098p0d0177p0d0077_ip0d0195n0d0189p0d0000_mp0d0023p0d0219p0d0000.xml,phase1_generated_scene,any,False,0.0,2.0,1.8606919868168181,0.0313132253927841,2.0,0.015889990031603702,0.023272812449452066,0.009817727108383325,0.0176813969023054,0.007687387064662939,0.019488690226234645,-0.01886800685293718,0.0,0.0023280660770963867,0.021851488935866546,0.0
94,/home/humanoid/Programs/hand/results/phase1/run_20260413_pollard_block/generated_mjcf/scene_tp0d0015p0d0126p0d0064_ip0d0095n0d0111p0d0000_mp0d0090p0d0044p0d0074.xml,sanity_phase1,any,True,2.0,2.0,3.163334937366443,0.06854410129618203,2.0,0.010490662526954422,0.09818188630679534,0.001539169440428645,0.012590402374113123,0.006399856377125625,0.009505016714306917,-0.011122081462157587,0.0,0.008957884088755294,0.004397102470699158,0.007428471529678085
95,/home/humanoid/Programs/hand/results/phase1/run_20260413_pollard_block/generated_mjcf/scene_tp0d0098p0d0261p0d0000_ip0d0183n0d0242p0d0040_mp0d0164p0d0111p0d0086.xml,phase1_generated_scene,any,True,2.0,2.0,2.906569626551589,0.051010612283164114,3.0,0.00939215814874665,0.4001165804110795,0.009779974161027216,0.026063540473240793,0.0,0.018250824386656643,-0.024208298980820234,0.003982977767717059,0.016417262015573204,0.011139749692614482,0.00855772058265547
96,/home/humanoid/Programs/hand/results/phase1/run_20260413_pollard_block/generated_mjcf/scene_tn0d0120p0d0232p0d0000_ip0d0131n0d0183p0d0000_mp0d0130p0d0152p0d0000.xml,phase1_generated_scene,any,False,0.0,2.0,2.1086301241369494,0.038075404703978126,2.0,0.012004520233198762,2.392508270213472e-10,-0.011995439961423757,0.023170885074527296,0.0,0.013087070170243659,-0.01826739217079296,0.0,0.01302784928333284,0.015226435694788317,0.0
97,/home/humanoid/Programs/hand/results/phase1/run_20260413_pollard_block/generated_mjcf/scene_tp0d0093p0d0292p0d0012_ip0d0149n0d0135p0d0072_mp0d0180p0d0216p0d0000.xml,phase1_generated_scene,any,True,2.0,2.0,2.913763279247711,0.04964949025822249,3.0,0.009196366885781364,0.03717430679009156,0.009268198317895226,0.029177279887696635,0.001189641720707622,0.014946304660889418,-0.013466718358715133,0.007234640744900829,0.018012549910744587,0.02163983278281282,0.0
98,/home/humanoid/Programs/hand/results/phase1/run_20260413_pollard_block/generated_mjcf/scene_tn0d0114p0d0238p0d0000_ip0d0195n0d0037p0d0008_mp0d0071p0d0204p0d0050.xml,sanity_phase1,any,False,0.0,2.0,0.8486852824177207,0.038210224945989635,2.0,0.014417129100756503,8.398922216602692,-0.011412276955248405,0.02379807387899146,0.0,0.019462260282733714,-0.0036636593388789888,0.0008100502558857133,0.0070586596157323,0.02041174898220853,0.005024872692297698
99,/home/humanoid/Programs/hand/results/phase1/run_20260413_pollard_block/generated_mjcf/scene_tp0d0044p0d0282p0d0019_ip0d0104n0d0119p0d0093_mp0d0068p0d0235p0d0001.xml,phase1_generated_scene,any,True,1.0,2.0,0.9204747356370326,0.04318379034064631,2.0,0.010802058474905554,9.12902539557185,0.004374789435312346,0.028218177304168056,0.0018556460458758403,0.010385043516164927,-0.011894204793422361,0.009335535792464315,0.006802027202263075,0.023505980635449716,0.00011734953019630276
100,/home/humanoid/Programs/hand/results/phase1/run_20260413_pollard_block/generated_mjcf/scene_tn0d0100p0d0188p0d0000_ip0d0107n0d0038p0d0000_mp0d0094p0d0173p0d0065.xml,sanity_phase1,any,True,1.0,2.0,2.0880138701988074,0.037412294328633244,2.0,0.010702393177054013,7.763299498861432e-05,-0.009951865181536158,0.018775567695502312,0.0,0.010669241071932166,-0.003820563471950528,0.0,0.009405390983008566,0.017280054041644587,0.0064756874760196585
101,/home/humanoid/Programs/hand/results/phase1/run_20260413_pollard_block/generated_mjcf/scene_tp0d0106p0d0212p0d0101_ip0d0061n0d0060p0d0063_mp0d0112p0d0075p0d0000.xml,sanity_phase1,any,True,2.0,2.0,2.9072608562623303,0.050705875609920334,3.0,0.009315202859717013,0.3254292291029843,0.010583447100032992,0.021214589149641843,0.010118832452697093,0.006077415096292973,-0.005956325488376159,0.006329410999625626,0.011230695538510659,0.007470929249459784,0.0
102,/home/humanoid/Programs/hand/results/phase1/run_20260413_pollard_block/generated_mjcf/scene_tn0d0050p0d0300p0d0035_ip0d0198n0d0172p0d0000_mp0d0116p0d0118p0d0000.xml,sanity_phase1,any,False,0.0,2.0,1.3727523512876993,0.03836571245796488,2.0,0.013281528296710607,4.956563520984336,-0.00501959716225856,0.03,0.0034709390634110604,0.019816908082287803,-0.017192165528774707,0.0,0.01161693581676551,0.011813476401367424,0.0
103,/home/humanoid/Programs/hand/results/phase1/run_20260413_pollard_block/generated_mjcf/scene_tp0d0024p0d0087p0d0000_in0d0020n0d0127p0d0026_mp0d0002p0d0091p0d0073.xml,sanity_phase1,any,True,2.0,2.0,2.9173271972319954,0.04981109726246412,3.0,0.008751376522735003,0.057056359391858054,0.002383369372827144,0.008678863384413857,0.0,-0.0019946792069528447,-0.01271909707195985,0.002592015961930566,0.00023177104157602255,0.00911026565147512,0.0072958037054163295
104,/home/humanoid/Programs/hand/results/phase1/run_20260413_pollard_block/generated_mjcf/scene_tp0d0082p0d0173p0d0075_ip0d0047n0d0074p0d0011_mp0d0086p0d0191p0d0000.xml,sanity_phase1,any,True,2.0,2.0,2.8900775176179496,0.04922557217964947,3.0,0.008880931425973893,0.10037097211889283,0.008166757436390344,0.017305598102488752,0.007541369532989443,0.004651366072771426,-0.007353402664476439,0.0010909589677707467,0.008562377893663898,0.019054614628170638,0.0
105,/home/humanoid/Programs/hand/results/phase1/run_20260413_pollard_block/generated_mjcf/scene_tn0d0081p0d0151p0d0043_ip0d0149n0d0080p0d0064_mn0d0001p0d0058p0d0085.xml,sanity_phase1,any,False,0.0,2.0,-0.03189188646444157,1.797173521111972e-15,0.0,0.01594594323225219,6.216686385022775e-16,-0.008101357374999472,0.015051763145310957,0.004333502634470354,0.014949647520672982,-0.007961740219535359,0.0064228105575298185,-9.076253567036861e-05,0.005841333801968511,0.008528427846290734
106,/home/humanoid/Programs/hand/results/phase1/run_20260413_pollard_block/generated_mjcf/scene_tn0d0034p0d0216p0d0001_ip0d0130n0d0225p0d0065_mp0d0010p0d0197p0d0000.xml,sanity_phase1,any,False,0.0,2.0,1.7798264546345508,0.04169010145880794,2.0,0.016617174679843846,2.973951647093598,-0.003435893928932775,0.021640910971604234,8.406733760194136e-05,0.01303990171210299,-0.022453278930529147,0.006474965432793946,0.0009616558759156877,0.019652987084016846,0.0
107,/home/humanoid/Programs/hand/results/phase1/run_20260413_pollard_block/generated_mjcf/scene_tn0d0002p0d0241p0d0000_in0d0009n0d0012p0d0005_mp0d0158p0d0161p0d0077.xml,sanity_phase1,any,True,2.0,2.0,2.921576258600874,0.04980421091978896,3.0,0.009113993035423514,0.022287583472616477,-0.0001857207345086799,0.024120649624657868,0.0,-0.0008951006875646678,-0.0011589227586814663,0.000544245585789983,0.015811471385460664,0.01605107600938014,0.007672485664079333
108,/home/humanoid/Programs/hand/results/phase1/run_20260413_pollard_block/generated_mjcf/scene_tp0d0016p0d0109p0d0034_ip0d0021n0d0045p0d0043_mp0d0206p0d0184p0d0000.xml,sanity_phase1,any,True,2.0,2.0,2.933478931963009,0.051382486478783795,3.0,0.00926821753977903,0.30914439809910593,0.0015507882981054214,0.010946165081292702,0.0034057575517393284,0.002145776066487623,-0.004532300759600939,0.00434547841134757,0.020555407315434586,0.018397938948996252,0.0
109,/home/humanoid/Programs/hand/results/phase1/run_20260413_pollard_block/generated_mjcf/scene_tp0d0014p0d0265p0d0051_ip0d0062n0d0086p0d0104_mp0d0144p0d0121p0d0099.xml,phase1_generated_scene,any,True,2.0,2.0,2.8883147588305516,0.049250156046969876,3.0,0.009274298139933447,0.11261404355684847,0.0013713010998067932,0.026522534647037528,0.00508531914060183,0.006215120944035642,-0.0085715723855087,0.010446457471225783,0.014435441034388851,0.012115233654059249,0.009858199929202283
110,/home/humanoid/Programs/hand/results/phase1/run_20260413_pollard_block/generated_mjcf/scene_tp0d0079p0d0285p0d0000_ip0d0050n0d0053p0d0000_mn0d0002p0d0197p0d0072.xml,sanity_phase1,any,True,2.0,2.0,2.9345169416762356,0.05006716953953306,3.0,0.008699232600046703,0.0029035133821890156,0.007862980625476145,0.028524410246412026,0.0,0.004979892007376512,-0.005336932736155145,0.0,-0.0002310575466114538,0.019698384299342057,0.007182478955496934
111,/home/humanoid/Programs/hand/results/phase1/run_20260413_pollard_block/generated_mjcf/scene_tp0d0034p0d0163p0d0014_in0d0015n0d0108p0d0086_mn0d0001p0d0125p0d0000.xml,sanity_phase1,any,True,2.0,2.0,2.920034005317272,0.050313933524843965,3.0,0.00868510020400344,0.15722311762839686,0.003402427395368751,0.01627624007420011,0.0014345596552211674,-0.0014835211652609488,-0.010796120261926605,0.008563228193161875,-0.00012672235965031746,0.012499665517147967,0.0
112,/home/humanoid/Programs/hand/results/phase1/run_20260413_pollard_block/generated_mjcf/scene_tn0d0029p0d0083p0d0079_ip0d0099n0d0138p0d0024_mp0d0184p0d0103p0d0000.xml,sanity_phase1,any,True,1.0,2.0,2.3168461274514627,0.043968334076624885,2.0,0.01102278261308884,2.8201709902934687e-11,-0.0028798104808018445,0.008312184160997247,0.00786631007594749,0.00990983944819043,-0.01383796642650531,0.00244307317527483,0.018400676902117614,0.010290257395785304,0.0
113,/home/humanoid/Programs/hand/results/phase1/run_20260413_pollard_block/generated_mjcf/scene_tn0d0108p0d0144p0d0000_in0d0010n0d0110p0d0000_mn0d0002p0d0253p0d0000.xml,sanity_phase1,any,True,2.0,2.0,1.2746732576737185,0.040471853536094324,2.0,0.009676783355180053,6.149920329194818,-0.010812139014908118,0.014393578249598981,0.0,-0.0010025963078267048,-0.011034466506951189,0.0,-0.00021781467042988716,0.025301153793920166,0.0
114,/home/humanoid/Programs/hand/results/phase1/run_20260413_pollard_block/generated_mjcf/scene_tn0d0097p0d0300p0d0040_ip0d0154n0d0108p0d0000_mp0d0182p0d0133p0d0000.xml,phase1_generated_scene,any,True,1.0,2.0,2.2653899692835306,0.042772348691668696,2.0,0.011531003264178023,0.05720152264345367,-0.009724061022624773,0.03,0.0040072071336392685,0.015418097000075947,-0.010783104100315308,0.0,0.018205053769901072,0.013332696100926186,0.0
115,/home/humanoid/Programs/hand/results/phase1/run_20260413_pollard_block/generated_mjcf/scene_tn0d0088p0d0107p0d0005_ip0d0116n0d0119p0d0027_mp0d0191p0d0154p0d0000.xml,sanity_phase1,any,True,1.0,2.0,2.1589006760279053,0.03946863805539352,2.0,0.011250827784544963,2.2785201937192045e-09,-0.008752578143894657,0.010717277259950732,0.0005339023898471625,0.011649846149658704,-0.011851546974094098,0.0027149922709011447,0.019063443114098563,0.015400916278669291,0.0
116,/home/humanoid/Programs/hand/results/phase1/run_20260413_pollard_block/generated_mjcf/scene_tn0d0058p0d0154p0d0015_ip0d0171n0d0137p0d0000_mp0d0025p0d0055p0d0000.xml,phase1_generated_scene,any,False,0.0,2.0,-0.0343731501953054,6.019490461639521e-15,0.0,0.017186575097757974,9.051548097513458e-16,-0.005842255138069734,0.015364319418918195,0.0014593692806168217,0.01708893618799274,-0.01371309528163105,0.0,0.002515708089826485,0.00547565360219901,0.0
117,/home/humanoid/Programs/hand/results/phase1/run_20260413_pollard_block/generated_mjcf/scene_tp0d0044p0d0222p0d0039_ip0d0089n0d0217p0d0000_mp0d0103p0d0152p0d0000.xml,sanity_phase1,any,True,2.0,2.0,2.8789872460131023,0.049010310367087896,3.0,0.009145050887506717,0.12055676706640599,0.004425039793702623,0.022177153565716874,0.0038910621589977774,0.00891028314209102,-0.02166526711317343,0.0,0.010263051494114807,0.015231959161743686,0.0
118,/home/humanoid/Programs/hand/results/phase1/run_20260413_pollard_block/generated_mjcf/scene_tp0d0078p0d0184p0d0083_ip0d0044n0d0017p0d0000_mp0d0165p0d0038p0d0000.xml,sanity_phase1,any,True,2.0,2.0,2.8876805252167284,0.049094252400351014,3.0,0.009417795205316173,0.07855145589949905,0.007807237396004606,0.01839952006368896,0.008290947003856325,0.004371823127956276,-0.0016934499390448814,0.0,0.016460379772354136,0.0037844748722332625,0.0
119,/home/humanoid/Programs/hand/results/phase1/run_20260413_pollard_block/generated_mjcf/scene_tp0d0089p0d0164p0d0104_ip0d0203n0d0051p0d0000_mp0d0186p0d0143p0d0000.xml,phase1_generated_scene,any,True,1.0,2.0,2.076535845585121,0.03712708277588851,2.0,0.011456025648385873,1.8280366043108863e-09,0.008893279303444638,0.01640251999547089,0.010379507833410868,0.020306008014948564,-0.005095378154555871,0.0,0.01859844408246346,0.014270504086291665,0.0
