scene_key,candidate_id,scene_xml,selected_foundational_pose,feasible,feasibility_max_mean_tip_distance,feasibility_min_contacts,feasible_pose_count,foundational_pose_count,score,cube_lift,cube_tip_contacts,mean_tip_distance,cube_vel_norm,thumb_x,thumb_y,thumb_len,index_x,index_y,index_len,middle_x,middle_y,middle_len,chosen_ctrl_json
cube,0,/home/humanoid/Programs/hand/results/phase1/run_20260413_pollard_multiscene_smoke2/cube/generated_mjcf/scene_cube_tp0d0000p0d0200p0d0000_ip0d0100n0d0123p0d0000_mp0d0100p0d0153p0d0000.xml,phase1_generated_scene,True,0.012,2.0,2.0,2.0,3.420744010616641,0.06419757608917984,3.0,0.009298558239746813,0.05049357350106538,0.0,0.02,0.0,0.01,-0.0123,0.0,0.01,0.0153,0.0,"[-0.08337202103895916, 1.8605319144286032, -0.7166528214956971, -0.20232549634829014, 1.3752276270028914, 1.0099071845942287, -0.027513999795058437, 1.4670317022980226, 0.9865984519932638]"
cube,1,/home/humanoid/Programs/hand/results/phase1/run_20260413_pollard_multiscene_smoke2/cube/generated_mjcf/scene_cube_tp0d0033p0d0145p0d0000_in0d0016n0d0048p0d0099_mp0d0126p0d0208p0d0010.xml,sanity_phase1,True,0.012,2.0,2.0,2.0,2.941224199799632,0.050544507117049255,3.0,0.00897957220613622,0.06582936589879947,0.0032870804957149027,0.014474881130332889,0.0,-0.001603336747315302,-0.004781514259193461,0.009906133854665322,0.012559258618412316,0.02080791746361596,0.0010469997951701483,"[-0.04001940470092851, 1.927054644440314, -1.1594855537432496, -0.34162688701139093, 1.2769689729243838, 1.204786572892837, -0.06035565691833135, 1.4686096214874043, 1.0077210834958208]"
cube,2,/home/humanoid/Programs/hand/results/phase1/run_20260413_pollard_multiscene_smoke2/cube/generated_mjcf/scene_cube_tp0d0104p0d0276p0d0000_ip0d0186n0d0235p0d0055_mp0d0022p0d0240p0d0010.xml,phase1_generated_scene,False,0.012,2.0,0.0,2.0,0.9115472820014641,0.04621106287886226,2.0,0.014979283791065197,9.839209007843897,0.010441738170906437,0.02758048529891677,0.0,0.018577702638101663,-0.023493946192668855,0.005511730714318659,0.002215734894461416,0.024016294136397276,0.0009950692859782007,"[-0.08337202103895916, 1.8605319144286032, -0.7166528214956971, -0.20232549634829014, 1.3752276270028914, 1.0099071845942287, -0.027513999795058437, 1.4670317022980226, 0.9865984519932638]"
cube,3,/home/humanoid/Programs/hand/results/phase1/run_20260413_pollard_multiscene_smoke2/cube/generated_mjcf/scene_cube_tn0d0048p0d0181p0d0000_ip0d0010n0d0082p0d0035_mp0d0128p0d0125p0d0119.xml,sanity_phase1,True,0.012,2.0,2.0,2.0,2.9144288606078073,0.04976565906723785,3.0,0.00925279494623073,0.059090779020377994,-0.004806914627102765,0.018144493308743802,0.0,0.0009827986359895336,-0.008205014047352873,0.003532548277782002,0.012769242675550093,0.012508261302285202,0.011933038458941066,"[-0.04001940470092851, 1.927054644440314, -1.1594855537432496, -0.34162688701139093, 1.2769689729243838, 1.204786572892837, -0.06035565691833135, 1.4686096214874043, 1.0077210834958208]"
cube,4,/home/humanoid/Programs/hand/results/phase1/run_20260413_pollard_multiscene_smoke2/cube/generated_mjcf/scene_cube_tp0d0115p0d0245p0d0036_ip0d0145n0d0150p0d0000_mp0d0153p0d0159p0d0000.xml,sanity_phase1,True,0.012,2.0,2.0,2.0,2.8822661279200728,0.049051938896539166,3.0,0.009064060935480574,0.10949074391891155,0.011540048130629522,0.024453007627536674,0.0036110226304275905,0.014522721533702562,-0.014965885824501509,0.0,0.01531572016465796,0.01590850373941742,0.0,"[-0.04001940470092851, 1.927054644440314, -1.1594855537432496, -0.34162688701139093, 1.2769689729243838, 1.204786572892837, -0.06035565691833135, 1.4686096214874043, 1.0077210834958208]"
cube,5,/home/humanoid/Programs/hand/results/phase1/run_20260413_pollard_multiscene_smoke2/cube/generated_mjcf/scene_cube_tn0d0003p0d0293p0d0104_ip0d0066n0d0106p0d0000_mp0d0123p0d0114p0d0000.xml,sanity_phase1,True,0.012,2.0,2.0,2.0,2.9851674227104903,0.05211032602359679,3.0,0.009377759773940767,0.1329231237834416,-0.00033995138803706235,0.02934770802437601,0.010417044382949991,0.006587084721017685,-0.010583284062485737,0.0,0.012263200724792723,0.011409869412171198,0.0,"[-0.04001940470092851, 1.927054644440314, -1.1594855537432496, -0.34162688701139093, 1.2769689729243838, 1.204786572892837, -0.06035565691833135, 1.4686096214874043, 1.0077210834958208]"
cube,6,/home/humanoid/Programs/hand/results/phase1/run_20260413_pollard_multiscene_smoke2/cube/generated_mjcf/scene_cube_tp0d0094p0d0135p0d0030_ip0d0000n0d0043p0d0069_mp0d0037p0d0243p0d0000.xml,sanity_phase1,True,0.012,2.0,2.0,2.0,2.977957548805158,0.05158782929566118,3.0,0.008584719632300649,0.06964691518921215,0.009366584448115015,0.013451782244801112,0.002956491472465019,1.6368245977236087e-05,-0.004316540456318454,0.0068903593797284,0.003744866631830852,0.02433562153945689,0.0,"[-0.04001940470092851, 1.927054644440314, -1.1594855537432496, -0.34162688701139093, 1.2769689729243838, 1.204786572892837, -0.06035565691833135, 1.4686096214874043, 1.0077210834958208]"
cube,7,/home/humanoid/Programs/hand/results/phase1/run_20260413_pollard_multiscene_smoke2/cube/generated_mjcf/scene_cube_tn0d0039p0d0116p0d0000_ip0d0171n0d0188p0d0000_mp0d0077p0d0081p0d0000.xml,phase1_generated_scene,False,0.012,2.0,0.0,2.0,1.0002475935968376,0.018075065162234585,1.0,0.01618984354068496,1.8752696511369688e-14,-0.003933190546904152,0.011606707205476137,0.0,0.017111782486895065,-0.01876458698415006,0.0,0.007709244155716676,0.008064313068222126,0.0,"[-0.08337202103895916, 1.8605319144286032, -0.7166528214956971, -0.20232549634829014, 1.3752276270028914, 1.0099071845942287, -0.027513999795058437, 1.4670317022980226, 0.9865984519932638]"
cube,8,/home/humanoid/Programs/hand/results/phase1/run_20260413_pollard_multiscene_smoke2/cube/generated_mjcf/scene_cube_tp0d0019p0d0152p0d0041_ip0d0028n0d0017p0d0000_mp0d0005p0d0184p0d0103.xml,sanity_phase1,True,0.012,2.0,2.0,2.0,2.8685237387859917,0.048542553180674415,3.0,0.008915370065704902,0.08423254937468683,0.0019279772636844154,0.015168707187654142,0.004127877070952624,0.002788370655237119,-0.0016892853478440526,0.0,0.0005318867096855088,0.018398595636953022,0.010251709273628819,"[-0.04001940470092851, 1.927054644440314, -1.1594855537432496, -0.34162688701139093, 1.2769689729243838, 1.204786572892837, -0.06035565691833135, 1.4686096214874043, 1.0077210834958208]"
cube,9,/home/humanoid/Programs/hand/results/phase1/run_20260413_pollard_multiscene_smoke2/cube/generated_mjcf/scene_cube_tn0d0014p0d0300p0d0000_ip0d0082n0d0094p0d0119_mp0d0208p0d0143p0d0062.xml,sanity_phase1,True,0.012,2.0,2.0,2.0,3.1259407008731253,0.05631970219142382,3.0,0.009631267908145833,0.17324226673611384,-0.0014309482868211845,0.03,0.0,0.008205486996377813,-0.009414877151630932,0.011882316125647777,0.02077464819850637,0.014341083343418305,0.006185492287398994,"[-0.04001940470092851, 1.927054644440314, -1.1594855537432496, -0.34162688701139093, 1.2769689729243838, 1.204786572892837, -0.06035565691833135, 1.4686096214874043, 1.0077210834958208]"
cube,10,/home/humanoid/Programs/hand/results/phase1/run_20260413_pollard_multiscene_smoke2/cube/generated_mjcf/scene_cube_tn0d0001p0d0207p0d0069_ip0d0080n0d0067p0d0051_mp0d0204p0d0061p0d0055.xml,sanity_phase1,True,0.012,2.0,2.0,2.0,3.1393076617869564,0.056882776925527456,3.0,0.00960519384688052,0.21586095275162462,-6.185530829714431e-05,0.02070349184472249,0.00685885681713138,0.0079517403845361,-0.006672394277070495,0.005067429071753997,0.020369432478721076,0.006058383198741723,0.005496362809831425,"[-0.04001940470092851, 1.927054644440314, -1.1594855537432496, -0.34162688701139093, 1.2769689729243838, 1.204786572892837, -0.06035565691833135, 1.4686096214874043, 1.0077210834958208]"
cube,11,/home/humanoid/Programs/hand/results/phase1/run_20260413_pollard_multiscene_smoke2/cube/generated_mjcf/scene_cube_tp0d0103p0d0300p0d0000_ip0d0187n0d0008p0d0110_mp0d0016p0d0266p0d0094.xml,sanity_phase1,True,0.012,2.0,1.0,2.0,2.0109690304045778,0.04883642554222861,2.0,0.011243659893796413,3.1721236252388714,0.010258174286989438,0.03,0.0,0.018727362165893817,-0.0007513190384077374,0.010973044310663125,0.0015703362935799488,0.026643091531750922,0.009358453337292495,"[-0.04001940470092851, 1.927054644440314, -1.1594855537432496, -0.34162688701139093, 1.2769689729243838, 1.204786572892837, -0.06035565691833135, 1.4686096214874043, 1.0077210834958208]"
prism1,0,/home/humanoid/Programs/hand/results/phase1/run_20260413_pollard_multiscene_smoke2/prism1/generated_mjcf/scene_prism1_tp0d0000p0d0200p0d0000_ip0d0100n0d0123p0d0000_mp0d0100p0d0153p0d0000.xml,prism_y0d0250,True,0.03,1.0,1.0,1.0,1.1470623278210066,0.022655479373146315,1.0,0.022939725115360993,5.5950995483626704e-11,0.0,0.02,0.0,0.01,-0.0123,0.0,0.01,0.0153,0.0,"[-0.031424231827259064, 1.8103560209274292, -0.7083585262298584, 0.0580633208155632, 1.0099420547485352, 1.0484232902526855, 0.11048292368650436, 1.1215150356292725, 0.9653158187866211]"
prism1,1,/home/humanoid/Programs/hand/results/phase1/run_20260413_pollard_multiscene_smoke2/prism1/generated_mjcf/scene_prism1_tp0d0033p0d0145p0d0000_in0d0016n0d0048p0d0099_mp0d0126p0d0208p0d0010.xml,prism_y0d0250,True,0.03,1.0,1.0,1.0,1.0269216004191453,0.01908643548648852,1.0,0.020551820739759988,8.562193583464049e-10,0.0032870804957149027,0.014474881130332889,0.0,-0.001603336747315302,-0.004781514259193461,0.009906133854665322,0.012559258618412316,0.02080791746361596,0.0010469997951701483,"[-0.031424231827259064, 1.8103560209274292, -0.7083585262298584, 0.0580633208155632, 1.0099420547485352, 1.0484232902526855, 0.11048292368650436, 1.1215150356292725, 0.9653158187866211]"
prism1,2,/home/humanoid/Programs/hand/results/phase1/run_20260413_pollard_multiscene_smoke2/prism1/generated_mjcf/scene_prism1_tp0d0104p0d0276p0d0000_ip0d0186n0d0235p0d0055_mp0d0022p0d0240p0d0010.xml,prism_y0d0250,True,0.03,1.0,1.0,1.0,1.7803117530126715,0.051161941183200284,2.0,0.01895931951165819,5.149583662506814,0.010441738170906437,0.02758048529891677,0.0,0.018577702638101663,-0.023493946192668855,0.005511730714318659,0.002215734894461416,0.024016294136397276,0.0009950692859782007,"[-0.031424231827259064, 1.8103560209274292, -0.7083585262298584, 0.0580633208155632, 1.0099420547485352, 1.0484232902526855, 0.11048292368650436, 1.1215150356292725, 0.9653158187866211]"
prism1,3,/home/humanoid/Programs/hand/results/phase1/run_20260413_pollard_multiscene_smoke2/prism1/generated_mjcf/scene_prism1_tn0d0048p0d0181p0d0000_ip0d0010n0d0082p0d0035_mp0d0128p0d0125p0d0119.xml,prism_y0d0250,True,0.03,1.0,1.0,1.0,1.0762826624757993,0.020813283588181925,1.0,0.026091131551783404,4.667566305473674e-11,-0.004806914627102765,0.018144493308743802,0.0,0.0009827986359895336,-0.008205014047352873,0.003532548277782002,0.012769242675550093,0.012508261302285202,0.011933038458941066,"[-0.031424231827259064, 1.8103560209274292, -0.7083585262298584, 0.0580633208155632, 1.0099420547485352, 1.0484232902526855, 0.11048292368650436, 1.1215150356292725, 0.9653158187866211]"
prism1,4,/home/humanoid/Programs/hand/results/phase1/run_20260413_pollard_multiscene_smoke2/prism1/generated_mjcf/scene_prism1_tp0d0115p0d0245p0d0036_ip0d0145n0d0150p0d0000_mp0d0153p0d0159p0d0000.xml,prism_y0d0250,False,0.03,1.0,0.0,1.0,-0.03401484604256218,2.888314587501384e-14,0.0,0.017007423021786493,6.460433158720552e-16,0.011540048130629522,0.024453007627536674,0.0036110226304275905,0.014522721533702562,-0.014965885824501509,0.0,0.01531572016465796,0.01590850373941742,0.0,"[-0.031424231827259064, 1.8103560209274292, -0.7083585262298584, 0.0580633208155632, 1.0099420547485352, 1.0484232902526855, 0.11048292368650436, 1.1215150356292725, 0.9653158187866211]"
prism1,5,/home/humanoid/Programs/hand/results/phase1/run_20260413_pollard_multiscene_smoke2/prism1/generated_mjcf/scene_prism1_tn0d0003p0d0293p0d0104_ip0d0066n0d0106p0d0000_mp0d0123p0d0114p0d0000.xml,prism_y0d0250,True,0.03,1.0,1.0,1.0,1.1242434012159361,0.022021506729601476,1.0,0.023254667160055725,2.826502775194884e-14,-0.00033995138803706235,0.02934770802437601,0.010417044382949991,0.006587084721017685,-0.010583284062485737,0.0,0.012263200724792723,0.011409869412171198,0.0,"[-0.031424231827259064, 1.8103560209274292, -0.7083585262298584, 0.0580633208155632, 1.0099420547485352, 1.0484232902526855, 0.11048292368650436, 1.1215150356292725, 0.9653158187866211]"
prism1,6,/home/humanoid/Programs/hand/results/phase1/run_20260413_pollard_multiscene_smoke2/prism1/generated_mjcf/scene_prism1_tp0d0094p0d0135p0d0030_ip0d0000n0d0043p0d0069_mp0d0037p0d0243p0d0000.xml,prism_y0d0250,True,0.03,1.0,1.0,1.0,1.4161914625198688,0.029924050551056285,1.0,0.01557515338260325,1.2631273805668054e-11,0.009366584448115015,0.013451782244801112,0.002956491472465019,1.6368245977236087e-05,-0.004316540456318454,0.0068903593797284,0.003744866631830852,0.02433562153945689,0.0,"[-0.031424231827259064, 1.8103560209274292, -0.7083585262298584, 0.0580633208155632, 1.0099420547485352, 1.0484232902526855, 0.11048292368650436, 1.1215150356292725, 0.9653158187866211]"
prism1,7,/home/humanoid/Programs/hand/results/phase1/run_20260413_pollard_multiscene_smoke2/prism1/generated_mjcf/scene_prism1_tn0d0039p0d0116p0d0000_ip0d0171n0d0188p0d0000_mp0d0077p0d0081p0d0000.xml,prism_y0d0250,True,0.03,1.0,1.0,1.0,0.8605838521782709,0.01471628268509885,1.0,0.027243020900047803,6.220301042095196e-13,-0.003933190546904152,0.011606707205476137,0.0,0.017111782486895065,-0.01876458698415006,0.0,0.007709244155716676,0.008064313068222126,0.0,"[-0.031424231827259064, 1.8103560209274292, -0.7083585262298584, 0.0580633208155632, 1.0099420547485352, 1.0484232902526855, 0.11048292368650436, 1.1215150356292725, 0.9653158187866211]"
prism1,8,/home/humanoid/Programs/hand/results/phase1/run_20260413_pollard_multiscene_smoke2/prism1/generated_mjcf/scene_prism1_tp0d0019p0d0152p0d0041_ip0d0028n0d0017p0d0000_mp0d0005p0d0184p0d0103.xml,prism_y0d0250,True,0.03,1.0,1.0,1.0,1.0202267349161034,0.018903842916379653,1.0,0.02070387763600998,7.923443013825485e-08,0.0019279772636844154,0.015168707187654142,0.004127877070952624,0.002788370655237119,-0.0016892853478440526,0.0,0.0005318867096855088,0.018398595636953022,0.010251709273628819,"[-0.031424231827259064, 1.8103560209274292, -0.7083585262298584, 0.0580633208155632, 1.0099420547485352, 1.0484232902526855, 0.11048292368650436, 1.1215150356292725, 0.9653158187866211]"
prism1,9,/home/humanoid/Programs/hand/results/phase1/run_20260413_pollard_multiscene_smoke2/prism1/generated_mjcf/scene_prism1_tn0d0014p0d0300p0d0000_ip0d0082n0d0094p0d0119_mp0d0208p0d0143p0d0062.xml,prism_y0d0250,True,0.03,1.0,1.0,1.0,1.0453729788750452,0.020069067865921487,1.0,0.028522198216099626,5.016100767363646e-14,-0.0014309482868211845,0.03,0.0,0.008205486996377813,-0.009414877151630932,0.011882316125647777,0.02077464819850637,0.014341083343418305,0.006185492287398994,"[-0.031424231827259064, 1.8103560209274292, -0.7083585262298584, 0.0580633208155632, 1.0099420547485352, 1.0484232902526855, 0.11048292368650436, 1.1215150356292725, 0.9653158187866211]"
prism1,10,/home/humanoid/Programs/hand/results/phase1/run_20260413_pollard_multiscene_smoke2/prism1/generated_mjcf/scene_prism1_tn0d0001p0d0207p0d0069_ip0d0080n0d0067p0d0051_mp0d0204p0d0061p0d0055.xml,prism_y0d0250,True,0.03,1.0,1.0,1.0,-0.05671846149194648,0.021855325957922778,1.0,0.027772330197007172,7.774068064168197,-6.185530829714431e-05,0.02070349184472249,0.00685885681713138,0.0079517403845361,-0.006672394277070495,0.005067429071753997,0.020369432478721076,0.006058383198741723,0.005496362809831425,"[-0.031424231827259064, 1.8103560209274292, -0.7083585262298584, 0.0580633208155632, 1.0099420547485352, 1.0484232902526855, 0.11048292368650436, 1.1215150356292725, 0.9653158187866211]"
prism1,11,/home/humanoid/Programs/hand/results/phase1/run_20260413_pollard_multiscene_smoke2/prism1/generated_mjcf/scene_prism1_tp0d0103p0d0300p0d0000_ip0d0187n0d0008p0d0110_mp0d0016p0d0266p0d0094.xml,prism_y0d0250,True,0.03,1.0,1.0,1.0,0.8001585255335344,0.03974699470593966,2.0,0.02025289246786733,9.003203361590796,0.010258174286989438,0.03,0.0,0.018727362165893817,-0.0007513190384077374,0.010973044310663125,0.0015703362935799488,0.026643091531750922,0.009358453337292495,"[-0.031424231827259064, 1.8103560209274292, -0.7083585262298584, 0.0580633208155632, 1.0099420547485352, 1.0484232902526855, 0.11048292368650436, 1.1215150356292725, 0.9653158187866211]"
prism2,0,/home/humanoid/Programs/hand/results/phase1/run_20260413_pollard_multiscene_smoke2/prism2/generated_mjcf/scene_prism2_tp0d0000p0d0200p0d0000_ip0d0100n0d0123p0d0000_mp0d0100p0d0153p0d0000.xml,prism_y0d0300,True,0.03,1.0,1.0,1.0,2.402858804996972,0.0468547136325788,2.0,0.018528086059453167,1.6253342847554675e-10,0.0,0.02,0.0,0.01,-0.0123,0.0,0.01,0.0153,0.0,"[-0.013804076239466667, 2.03118896484375, -0.7040808200836182, 0.09843289107084274, 1.189346432685852, 0.9968948364257812, 0.04293711856007576, 1.4526150226593018, 1.02018141746521]"
prism2,1,/home/humanoid/Programs/hand/results/phase1/run_20260413_pollard_multiscene_smoke2/prism2/generated_mjcf/scene_prism2_tp0d0033p0d0145p0d0000_in0d0016n0d0048p0d0099_mp0d0126p0d0208p0d0010.xml,prism_y0d0300,True,0.03,1.0,1.0,1.0,2.4665530794415904,0.04945884173508724,2.0,0.016071793030357277,0.21575196817165573,0.0032870804957149027,0.014474881130332889,0.0,-0.001603336747315302,-0.004781514259193461,0.009906133854665322,0.012559258618412316,0.02080791746361596,0.0010469997951701483,"[-0.013804076239466667, 2.03118896484375, -0.7040808200836182, 0.09843289107084274, 1.189346432685852, 0.9968948364257812, 0.04293711856007576, 1.4526150226593018, 1.02018141746521]"
prism2,2,/home/humanoid/Programs/hand/results/phase1/run_20260413_pollard_multiscene_smoke2/prism2/generated_mjcf/scene_prism2_tp0d0104p0d0276p0d0000_ip0d0186n0d0235p0d0055_mp0d0022p0d0240p0d0010.xml,prism_y0d0300,True,0.03,1.0,1.0,1.0,1.6156103608125467,0.04869690599247323,2.0,0.022418306979321307,5.626298233102492,0.010441738170906437,0.02758048529891677,0.0,0.018577702638101663,-0.023493946192668855,0.005511730714318659,0.002215734894461416,0.024016294136397276,0.0009950692859782007,"[-0.013804076239466667, 2.03118896484375, -0.7040808200836182, 0.09843289107084274, 1.189346432685852, 0.9968948364257812, 0.04293711856007576, 1.4526150226593018, 1.02018141746521]"
prism2,3,/home/humanoid/Programs/hand/results/phase1/run_20260413_pollard_multiscene_smoke2/prism2/generated_mjcf/scene_prism2_tn0d0048p0d0181p0d0000_ip0d0010n0d0082p0d0035_mp0d0128p0d0125p0d0119.xml,prism_y0d0300,True,0.03,1.0,1.0,1.0,0.895259298247675,0.015125494014513581,1.0,0.017066496130149718,5.805255998377528e-15,-0.004806914627102765,0.018144493308743802,0.0,0.0009827986359895336,-0.008205014047352873,0.003532548277782002,0.012769242675550093,0.012508261302285202,0.011933038458941066,"[-0.013804076239466667, 2.03118896484375, -0.7040808200836182, 0.09843289107084274, 1.189346432685852, 0.9968948364257812, 0.04293711856007576, 1.4526150226593018, 1.02018141746521]"
prism2,4,/home/humanoid/Programs/hand/results/phase1/run_20260413_pollard_multiscene_smoke2/prism2/generated_mjcf/scene_prism2_tp0d0115p0d0245p0d0036_ip0d0145n0d0150p0d0000_mp0d0153p0d0159p0d0000.xml,prism_y0d0300,True,0.03,1.0,1.0,1.0,1.0892520192372286,0.04334582551181822,2.0,0.01805432627738961,7.944954807477533,0.011540048130629522,0.024453007627536674,0.0036110226304275905,0.014522721533702562,-0.014965885824501509,0.0,0.01531572016465796,0.01590850373941742,0.0,"[-0.013804076239466667, 2.03118896484375, -0.7040808200836182, 0.09843289107084274, 1.189346432685852, 0.9968948364257812, 0.04293711856007576, 1.4526150226593018, 1.02018141746521]"
prism2,5,/home/humanoid/Programs/hand/results/phase1/run_20260413_pollard_multiscene_smoke2/prism2/generated_mjcf/scene_prism2_tn0d0003p0d0293p0d0104_ip0d0066n0d0106p0d0000_mp0d0123p0d0114p0d0000.xml,prism_y0d0300,True,0.03,1.0,1.0,1.0,1.0262266250632717,0.018979775902360503,1.0,0.01903276575967195,1.5290381777630982e-14,-0.00033995138803706235,0.02934770802437601,0.010417044382949991,0.006587084721017685,-0.010583284062485737,0.0,0.012263200724792723,0.011409869412171198,0.0,"[-0.013804076239466667, 2.03118896484375, -0.7040808200836182, 0.09843289107084274, 1.189346432685852, 0.9968948364257812, 0.04293711856007576, 1.4526150226593018, 1.02018141746521]"
prism2,6,/home/humanoid/Programs/hand/results/phase1/run_20260413_pollard_multiscene_smoke2/prism2/generated_mjcf/scene_prism2_tp0d0094p0d0135p0d0030_ip0d0000n0d0043p0d0069_mp0d0037p0d0243p0d0000.xml,prism_y0d0300,True,0.03,1.0,1.0,1.0,0.9483044717086406,0.041423681158861775,2.0,0.020028205806602795,8.409786381588772,0.009366584448115015,0.013451782244801112,0.002956491472465019,1.6368245977236087e-05,-0.004316540456318454,0.0068903593797284,0.003744866631830852,0.02433562153945689,0.0,"[-0.013804076239466667, 2.03118896484375, -0.7040808200836182, 0.09843289107084274, 1.189346432685852, 0.9968948364257812, 0.04293711856007576, 1.4526150226593018, 1.02018141746521]"
prism2,7,/home/humanoid/Programs/hand/results/phase1/run_20260413_pollard_multiscene_smoke2/prism2/generated_mjcf/scene_prism2_tn0d0039p0d0116p0d0000_ip0d0171n0d0188p0d0000_mp0d0077p0d0081p0d0000.xml,prism_y0d0300,True,0.03,1.0,1.0,1.0,1.3818382347886358,0.029211288672829516,1.0,0.020278434380010125,2.513563521716612e-12,-0.003933190546904152,0.011606707205476137,0.0,0.017111782486895065,-0.01876458698415006,0.0,0.007709244155716676,0.008064313068222126,0.0,"[-0.013804076239466667, 2.03118896484375, -0.7040808200836182, 0.09843289107084274, 1.189346432685852, 0.9968948364257812, 0.04293711856007576, 1.4526150226593018, 1.02018141746521]"
prism2,8,/home/humanoid/Programs/hand/results/phase1/run_20260413_pollard_multiscene_smoke2/prism2/generated_mjcf/scene_prism2_tp0d0019p0d0152p0d0041_ip0d0028n0d0017p0d0000_mp0d0005p0d0184p0d0103.xml,prism_y0d0300,True,0.03,1.0,1.0,1.0,1.531463430838634,0.03556586278963711,2.0,0.01945971712875815,3.162815550274325,0.0019279772636844154,0.015168707187654142,0.004127877070952624,0.002788370655237119,-0.0016892853478440526,0.0,0.0005318867096855088,0.018398595636953022,0.010251709273628819,"[-0.013804076239466667, 2.03118896484375, -0.7040808200836182, 0.09843289107084274, 1.189346432685852, 0.9968948364257812, 0.04293711856007576, 1.4526150226593018, 1.02018141746521]"
prism2,9,/home/humanoid/Programs/hand/results/phase1/run_20260413_pollard_multiscene_smoke2/prism2/generated_mjcf/scene_prism2_tn0d0014p0d0300p0d0000_ip0d0082n0d0094p0d0119_mp0d0208p0d0143p0d0062.xml,prism_y0d0300,True,0.03,1.0,1.0,1.0,0.958176420272924,0.017140093953892935,1.0,0.020863434056623952,5.385110257903699e-13,-0.0014309482868211845,0.03,0.0,0.008205486996377813,-0.009414877151630932,0.011882316125647777,0.02077464819850637,0.014341083343418305,0.006185492287398994,"[-0.013804076239466667, 2.03118896484375, -0.7040808200836182, 0.09843289107084274, 1.189346432685852, 0.9968948364257812, 0.04293711856007576, 1.4526150226593018, 1.02018141746521]"
prism2,10,/home/humanoid/Programs/hand/results/phase1/run_20260413_pollard_multiscene_smoke2/prism2/generated_mjcf/scene_prism2_tn0d0001p0d0207p0d0069_ip0d0080n0d0067p0d0051_mp0d0204p0d0061p0d0055.xml,prism_y0d0300,True,0.03,1.0,1.0,1.0,0.844573478690721,0.013868377693815596,1.0,0.020409870296412433,6.503091778476058e-16,-6.185530829714431e-05,0.02070349184472249,0.00685885681713138,0.0079517403845361,-0.006672394277070495,0.005067429071753997,0.020369432478721076,0.006058383198741723,0.005496362809831425,"[-0.013804076239466667, 2.03118896484375, -0.7040808200836182, 0.09843289107084274, 1.189346432685852, 0.9968948364257812, 0.04293711856007576, 1.4526150226593018, 1.02018141746521]"
prism2,11,/home/humanoid/Programs/hand/results/phase1/run_20260413_pollard_multiscene_smoke2/prism2/generated_mjcf/scene_prism2_tp0d0103p0d0300p0d0000_ip0d0187n0d0008p0d0110_mp0d0016p0d0266p0d0094.xml,prism_y0d0300,True,0.03,1.0,1.0,1.0,1.366522732423996,0.04940374436342615,2.0,0.023447430548065525,7.43808972799859,0.010258174286989438,0.03,0.0,0.018727362165893817,-0.0007513190384077374,0.010973044310663125,0.0015703362935799488,0.026643091531750922,0.009358453337292495,"[-0.013804076239466667, 2.03118896484375, -0.7040808200836182, 0.09843289107084274, 1.189346432685852, 0.9968948364257812, 0.04293711856007576, 1.4526150226593018, 1.02018141746521]"
prism3,0,/home/humanoid/Programs/hand/results/phase1/run_20260413_pollard_multiscene_smoke2/prism3/generated_mjcf/scene_prism3_tp0d0000p0d0200p0d0000_ip0d0100n0d0123p0d0000_mp0d0100p0d0153p0d0000.xml,prism_y0d0350,True,0.03,1.0,1.0,1.0,1.4119735627568886,0.029577709430790584,1.0,0.011623133660389182,2.5360165897712692e-14,0.0,0.02,0.0,0.01,-0.0123,0.0,0.01,0.0153,0.0,"[0.082325279712677, 1.884436845779419, -0.7087383270263672, 0.031507909297943115, 1.2788469791412354, 0.9968161582946777, 0.1308315396308899, 1.2808868885040283, 0.9989619255065918]"
prism3,1,/home/humanoid/Programs/hand/results/phase1/run_20260413_pollard_multiscene_smoke2/prism3/generated_mjcf/scene_prism3_tp0d0033p0d0145p0d0000_in0d0016n0d0048p0d0099_mp0d0126p0d0208p0d0010.xml,prism_y0d0350,True,0.03,1.0,1.0,1.0,2.115217186403113,0.03830320569514466,2.0,0.010805467120663539,0.02522719123748542,0.0032870804957149027,0.014474881130332889,0.0,-0.001603336747315302,-0.004781514259193461,0.009906133854665322,0.012559258618412316,0.02080791746361596,0.0010469997951701483,"[0.082325279712677, 1.884436845779419, -0.7087383270263672, 0.031507909297943115, 1.2788469791412354, 0.9968161582946777, 0.1308315396308899, 1.2808868885040283, 0.9989619255065918]"
prism3,2,/home/humanoid/Programs/hand/results/phase1/run_20260413_pollard_multiscene_smoke2/prism3/generated_mjcf/scene_prism3_tp0d0104p0d0276p0d0000_ip0d0186n0d0235p0d0055_mp0d0022p0d0240p0d0010.xml,prism_y0d0350,True,0.03,1.0,1.0,1.0,2.2669975232134445,0.04925274519488143,2.0,0.015232831592242596,1.5092193028194703,0.010441738170906437,0.02758048529891677,0.0,0.018577702638101663,-0.023493946192668855,0.005511730714318659,0.002215734894461416,0.024016294136397276,0.0009950692859782007,"[0.082325279712677, 1.884436845779419, -0.7087383270263672, 0.031507909297943115, 1.2788469791412354, 0.9968161582946777, 0.1308315396308899, 1.2808868885040283, 0.9989619255065918]"
prism3,3,/home/humanoid/Programs/hand/results/phase1/run_20260413_pollard_multiscene_smoke2/prism3/generated_mjcf/scene_prism3_tn0d0048p0d0181p0d0000_ip0d0010n0d0082p0d0035_mp0d0128p0d0125p0d0119.xml,prism_y0d0350,True,0.03,1.0,1.0,1.0,1.4054545748800606,0.02955192418714557,1.0,0.014431385833057803,2.6124915097205344e-11,-0.004806914627102765,0.018144493308743802,0.0,0.0009827986359895336,-0.008205014047352873,0.003532548277782002,0.012769242675550093,0.012508261302285202,0.011933038458941066,"[0.082325279712677, 1.884436845779419, -0.7087383270263672, 0.031507909297943115, 1.2788469791412354, 0.9968161582946777, 0.1308315396308899, 1.2808868885040283, 0.9989619255065918]"
prism3,4,/home/humanoid/Programs/hand/results/phase1/run_20260413_pollard_multiscene_smoke2/prism3/generated_mjcf/scene_prism3_tp0d0115p0d0245p0d0036_ip0d0145n0d0150p0d0000_mp0d0153p0d0159p0d0000.xml,prism_y0d0350,True,0.03,1.0,1.0,1.0,2.77615981752709,0.04581110328163463,3.0,0.00972943942120025,0.05179945658481151,0.011540048130629522,0.024453007627536674,0.0036110226304275905,0.014522721533702562,-0.014965885824501509,0.0,0.01531572016465796,0.01590850373941742,0.0,"[0.082325279712677, 1.884436845779419, -0.7087383270263672, 0.031507909297943115, 1.2788469791412354, 0.9968161582946777, 0.1308315396308899, 1.2808868885040283, 0.9989619255065918]"
prism3,5,/home/humanoid/Programs/hand/results/phase1/run_20260413_pollard_multiscene_smoke2/prism3/generated_mjcf/scene_prism3_tn0d0003p0d0293p0d0104_ip0d0066n0d0106p0d0000_mp0d0123p0d0114p0d0000.xml,prism_y0d0350,True,0.03,1.0,1.0,1.0,1.200989482324396,0.023798907084927885,1.0,0.013703542240261957,0.030434541117040997,-0.00033995138803706235,0.02934770802437601,0.010417044382949991,0.006587084721017685,-0.010583284062485737,0.0,0.012263200724792723,0.011409869412171198,0.0,"[0.082325279712677, 1.884436845779419, -0.7087383270263672, 0.031507909297943115, 1.2788469791412354, 0.9968161582946777, 0.1308315396308899, 1.2808868885040283, 0.9989619255065918]"
prism3,6,/home/humanoid/Programs/hand/results/phase1/run_20260413_pollard_multiscene_smoke2/prism3/generated_mjcf/scene_prism3_tp0d0094p0d0135p0d0030_ip0d0000n0d0043p0d0069_mp0d0037p0d0243p0d0000.xml,prism_y0d0350,True,0.03,1.0,1.0,1.0,2.9215499709107284,0.04986462624237807,3.0,0.009515071111363427,0.031212035665183588,0.009366584448115015,0.013451782244801112,0.002956491472465019,1.6368245977236087e-05,-0.004316540456318454,0.0068903593797284,0.003744866631830852,0.02433562153945689,0.0,"[0.082325279712677, 1.884436845779419, -0.7087383270263672, 0.031507909297943115, 1.2788469791412354, 0.9968161582946777, 0.1308315396308899, 1.2808868885040283, 0.9989619255065918]"
prism3,7,/home/humanoid/Programs/hand/results/phase1/run_20260413_pollard_multiscene_smoke2/prism3/generated_mjcf/scene_prism3_tn0d0039p0d0116p0d0000_ip0d0171n0d0188p0d0000_mp0d0077p0d0081p0d0000.xml,prism_y0d0350,False,0.03,1.0,0.0,1.0,-0.03171840669566046,0.0,0.0,0.01585920334783013,1.3098435097742185e-15,-0.003933190546904152,0.011606707205476137,0.0,0.017111782486895065,-0.01876458698415006,0.0,0.007709244155716676,0.008064313068222126,0.0,"[0.082325279712677, 1.884436845779419, -0.7087383270263672, 0.031507909297943115, 1.2788469791412354, 0.9968161582946777, 0.1308315396308899, 1.2808868885040283, 0.9989619255065918]"
prism3,8,/home/humanoid/Programs/hand/results/phase1/run_20260413_pollard_multiscene_smoke2/prism3/generated_mjcf/scene_prism3_tp0d0019p0d0152p0d0041_ip0d0028n0d0017p0d0000_mp0d0005p0d0184p0d0103.xml,prism_y0d0350,True,0.03,1.0,1.0,1.0,1.4176083792339818,0.05068048351960717,3.0,0.009716627319618927,10.24516859542021,0.0019279772636844154,0.015168707187654142,0.004127877070952624,0.002788370655237119,-0.0016892853478440526,0.0,0.0005318867096855088,0.018398595636953022,0.010251709273628819,"[0.082325279712677, 1.884436845779419, -0.7087383270263672, 0.031507909297943115, 1.2788469791412354, 0.9968161582946777, 0.1308315396308899, 1.2808868885040283, 0.9989619255065918]"
prism3,9,/home/humanoid/Programs/hand/results/phase1/run_20260413_pollard_multiscene_smoke2/prism3/generated_mjcf/scene_prism3_tn0d0014p0d0300p0d0000_ip0d0082n0d0094p0d0119_mp0d0208p0d0143p0d0062.xml,prism_y0d0350,True,0.03,1.0,1.0,1.0,1.262538296191367,0.02563695788319695,1.0,0.017377614860223437,5.304936010288769e-13,-0.0014309482868211845,0.03,0.0,0.008205486996377813,-0.009414877151630932,0.011882316125647777,0.02077464819850637,0.014341083343418305,0.006185492287398994,"[0.082325279712677, 1.884436845779419, -0.7087383270263672, 0.031507909297943115, 1.2788469791412354, 0.9968161582946777, 0.1308315396308899, 1.2808868885040283, 0.9989619255065918]"
prism3,10,/home/humanoid/Programs/hand/results/phase1/run_20260413_pollard_multiscene_smoke2/prism3/generated_mjcf/scene_prism3_tn0d0001p0d0207p0d0069_ip0d0080n0d0067p0d0051_mp0d0204p0d0061p0d0055.xml,prism_y0d0350,True,0.03,1.0,1.0,1.0,1.3462972095706698,0.028004957702816413,1.0,0.01693815501301515,1.249559935800838e-11,-6.185530829714431e-05,0.02070349184472249,0.00685885681713138,0.0079517403845361,-0.006672394277070495,0.005067429071753997,0.020369432478721076,0.006058383198741723,0.005496362809831425,"[0.082325279712677, 1.884436845779419, -0.7087383270263672, 0.031507909297943115, 1.2788469791412354, 0.9968161582946777, 0.1308315396308899, 1.2808868885040283, 0.9989619255065918]"
prism3,11,/home/humanoid/Programs/hand/results/phase1/run_20260413_pollard_multiscene_smoke2/prism3/generated_mjcf/scene_prism3_tp0d0103p0d0300p0d0000_ip0d0187n0d0008p0d0110_mp0d0016p0d0266p0d0094.xml,prism_y0d0350,True,0.03,1.0,1.0,1.0,0.4120226770798032,0.050372472375637786,2.0,0.013363459614887706,14.161912912251628,0.010258174286989438,0.03,0.0,0.018727362165893817,-0.0007513190384077374,0.010973044310663125,0.0015703362935799488,0.026643091531750922,0.009358453337292495,"[0.082325279712677, 1.884436845779419, -0.7087383270263672, 0.031507909297943115, 1.2788469791412354, 0.9968161582946777, 0.1308315396308899, 1.2808868885040283, 0.9989619255065918]"
