scene_key,candidate_id,scene_xml,selected_foundational_pose,feasible,feasibility_max_mean_tip_distance,feasibility_min_contacts,feasibility_min_finger_contact_persistence,feasibility_max_finger_yaw_drift,feasible_pose_count,foundational_pose_count,score,cube_lift,cube_tip_contacts,mean_tip_distance,cube_vel_norm,cube_xy_drift,cube_z_drop_from_peak,contact_persistence,thumb_contact_persistence,index_contact_persistence,middle_contact_persistence,all_finger_contact_persistence,min_finger_contact_persistence,finger_persistence_imbalance,finger_yaw_drift,finger_flex_drift,thumb_x,thumb_y,thumb_len,index_x,index_y,index_len,middle_x,middle_y,middle_len,chosen_ctrl_json
prism3,7,/home/humanoid/Programs/hand/results/phase1/run_20260413_pollard_multiscene_500_run3/prism3/generated_mjcf/scene_prism3_tn0d0039p0d0116p0d0000_ip0d0171n0d0188p0d0000_mp0d0077p0d0081p0d0000.xml,prism_y0d0350,True,0.02,4.0,0.45,0.4,1.0,1.0,7.156817721087546,0.05216714479702352,6.0,0.0061436975561336695,0.3470234353295495,0.010465819131757346,0.0,1.0,1.0,1.0,1.0,1.0,1.0,0.0,0.11036204978567725,0.06306894364071175,-0.003933190546904152,0.011606707205476137,0.0,0.017111782486895065,-0.01876458698415006,0.0,0.007709244155716676,0.008064313068222126,0.0,"[0.03553291744516522, 1.3232182501035146, -0.9476119844664097, -0.0816995130453048, 1.4551473947175135, 1.0574563621002186, -0.11197127175611298, 1.563058739268382, 0.9555793853271397]"
prism3,8,/home/humanoid/Programs/hand/results/phase1/run_20260413_pollard_multiscene_500_run3/prism3/generated_mjcf/scene_prism3_tp0d0019p0d0152p0d0041_ip0d0028n0d0017p0d0000_mp0d0005p0d0184p0d0103.xml,prism_y0d0350,True,0.02,4.0,0.45,0.4,1.0,1.0,6.910105255480559,0.04946338437546097,5.0,0.006047039506069519,0.017565360406119293,0.0005181556393172248,9.258732929136315e-05,1.0,1.0,1.0,1.0,1.0,1.0,0.0,0.0014299331289336938,0.0014687993423699492,0.0019279772636844154,0.015168707187654142,0.004127877070952624,0.002788370655237119,-0.0016892853478440526,0.0,0.0005318867096855088,0.018398595636953022,0.010251709273628819,"[0.03553291744516522, 1.3232182501035146, -0.9476119844664097, -0.0816995130453048, 1.4551473947175135, 1.0574563621002186, -0.11197127175611298, 1.563058739268382, 0.9555793853271397]"
prism3,27,/home/humanoid/Programs/hand/results/phase1/run_20260413_pollard_multiscene_500_run3/prism3/generated_mjcf/scene_prism3_tn0d0098p0d0219p0d0000_ip0d0174n0d0126p0d0117_mp0d0024p0d0264p0d0072.xml,prism_y0d0350,True,0.02,4.0,0.45,0.4,1.0,1.0,7.234538683535129,0.052365262165929016,6.0,0.00615982370458246,0.12213454595333338,0.002650124543375395,0.00012842421650495484,1.0,1.0,1.0,1.0,1.0,1.0,0.0,0.11320996460148518,0.0739077210208483,-0.009774108587438862,0.02189020407976406,0.0,0.017395282043525633,-0.012567695132897762,0.011728688000827672,0.0023906397922172492,0.026412459362982414,0.0072220088786066165,"[0.03553291744516522, 1.3232182501035146, -0.9476119844664097, -0.0816995130453048, 1.4551473947175135, 1.0574563621002186, -0.11197127175611298, 1.563058739268382, 0.9555793853271397]"
prism3,34,/home/humanoid/Programs/hand/results/phase1/run_20260413_pollard_multiscene_500_run3/prism3/generated_mjcf/scene_prism3_tp0d0104p0d0244p0d0078_ip0d0195n0d0103p0d0000_mp0d0151p0d0170p0d0078.xml,prism_y0d0350,True,0.02,4.0,0.45,0.4,1.0,1.0,7.190665227266139,0.05245064907744227,6.0,0.006331247365370497,0.04019451591854517,0.01386473893490865,0.0,1.0,1.0,1.0,1.0,1.0,1.0,0.0,0.10515979255958552,0.07613518431355976,0.010410453838964225,0.024417210753800794,0.0077707526014265185,0.01952322957433024,-0.010300318873836577,0.0,0.015075683778826192,0.016956620502320593,0.007822973332089582,"[0.03553291744516522, 1.3232182501035146, -0.9476119844664097, -0.0816995130453048, 1.4551473947175135, 1.0574563621002186, -0.11197127175611298, 1.563058739268382, 0.9555793853271397]"
prism3,42,/home/humanoid/Programs/hand/results/phase1/run_20260413_pollard_multiscene_500_run3/prism3/generated_mjcf/scene_prism3_tn0d0094p0d0189p0d0000_ip0d0036n0d0063p0d0034_mp0d0154p0d0053p0d0000.xml,prism_y0d0350,True,0.02,4.0,0.45,0.4,1.0,1.0,6.485331691986487,0.049814160139931736,4.0,0.00601680857340461,0.04349833320685383,0.0016209202822524032,0.0,1.0,1.0,1.0,1.0,1.0,1.0,0.0,0.025982015616527836,0.0077960169464876645,-0.009420546518732465,0.0188501309198506,0.0,0.003575475406852743,-0.00632986259990556,0.003448914289927449,0.015418184441244877,0.005287405821515873,0.0,"[0.03553291744516522, 1.3232182501035146, -0.9476119844664097, -0.0816995130453048, 1.4551473947175135, 1.0574563621002186, -0.11197127175611298, 1.563058739268382, 0.9555793853271397]"
prism3,43,/home/humanoid/Programs/hand/results/phase1/run_20260413_pollard_multiscene_500_run3/prism3/generated_mjcf/scene_prism3_tp0d0005p0d0182p0d0000_ip0d0027n0d0016p0d0000_mp0d0184p0d0230p0d0000.xml,prism_y0d0350,True,0.02,4.0,0.45,0.4,1.0,1.0,7.155391939391806,0.053676504041030915,6.0,0.006172692131505741,0.19550695157038556,0.008313062379514112,0.0,1.0,1.0,0.9805555555555555,1.0,0.9805555555555555,0.9805555555555555,0.019444444444444486,0.11432407938041918,0.09482364277640522,0.00047599378402156216,0.018241307449525786,0.0,0.0026566589176190373,-0.001619408440688962,0.0,0.018449255979106606,0.02303129181754656,0.0,"[0.03553291744516522, 1.3232182501035146, -0.9476119844664097, -0.0816995130453048, 1.4551473947175135, 1.0574563621002186, -0.11197127175611298, 1.563058739268382, 0.9555793853271397]"
prism3,57,/home/humanoid/Programs/hand/results/phase1/run_20260413_pollard_multiscene_500_run3/prism3/generated_mjcf/scene_prism3_tn0d0117p0d0196p0d0000_ip0d0213n0d0028p0d0111_mp0d0125p0d0157p0d0080.xml,prism_y0d0350,True,0.02,4.0,0.45,0.4,1.0,1.0,6.46553698606454,0.0502087825257542,4.0,0.005964915024445562,0.09106400257294703,0.0010904026212850443,0.0,1.0,1.0,1.0,1.0,1.0,1.0,0.0,0.05029970489578529,0.018677702557057068,-0.011709566023867376,0.019592201922411186,0.0,0.021319150102846428,-0.00275523755717884,0.01105595726232652,0.012492871785778067,0.015663848805663412,0.00798522838512554,"[0.03553291744516522, 1.3232182501035146, -0.9476119844664097, -0.0816995130453048, 1.4551473947175135, 1.0574563621002186, -0.11197127175611298, 1.563058739268382, 0.9555793853271397]"
prism3,75,/home/humanoid/Programs/hand/results/phase1/run_20260413_pollard_multiscene_500_run3/prism3/generated_mjcf/scene_prism3_tn0d0029p0d0138p0d0000_ip0d0081n0d0012p0d0000_mp0d0208p0d0040p0d0000.xml,prism_y0d0350,True,0.02,4.0,0.45,0.4,1.0,1.0,4.542266779788205,0.05523538677068349,4.0,0.006231815398079685,0.14176923692756432,0.017346124932418758,0.0002353816538330361,1.0,1.0,1.0,0.4666666666666667,0.4666666666666667,0.4666666666666667,0.5333333333333333,0.05829841714158662,0.14408598853665402,-0.0028583662300581437,0.0138457400072515,0.0,0.008078051948861801,-0.0012057265220458985,0.0,0.02080324029069562,0.0040327697180053326,0.0,"[0.03553291744516522, 1.3232182501035146, -0.9476119844664097, -0.0816995130453048, 1.4551473947175135, 1.0574563621002186, -0.11197127175611298, 1.563058739268382, 0.9555793853271397]"
prism3,96,/home/humanoid/Programs/hand/results/phase1/run_20260413_pollard_multiscene_500_run3/prism3/generated_mjcf/scene_prism3_tn0d0120p0d0232p0d0000_ip0d0131n0d0183p0d0000_mp0d0130p0d0152p0d0000.xml,prism_y0d0350,True,0.02,4.0,0.45,0.4,1.0,1.0,7.341135230315176,0.051518242395256146,6.0,0.006909253895270819,0.014645056518371653,0.0010302203471862239,0.0,1.0,1.0,1.0,1.0,1.0,1.0,0.0,0.025489742280186144,0.028633845774376054,-0.011995439961423757,0.023170885074527296,0.0,0.013087070170243659,-0.01826739217079296,0.0,0.01302784928333284,0.015226435694788317,0.0,"[0.03553291744516522, 1.3232182501035146, -0.9476119844664097, -0.0816995130453048, 1.4551473947175135, 1.0574563621002186, -0.11197127175611298, 1.563058739268382, 0.9555793853271397]"
prism3,98,/home/humanoid/Programs/hand/results/phase1/run_20260413_pollard_multiscene_500_run3/prism3/generated_mjcf/scene_prism3_tn0d0114p0d0238p0d0000_ip0d0195n0d0037p0d0008_mp0d0071p0d0204p0d0050.xml,prism_y0d0350,True,0.02,4.0,0.45,0.4,1.0,1.0,7.26124152155027,0.05129167003655484,6.0,0.006090216254969416,0.16194632330388736,0.0027653882861832864,0.0,1.0,1.0,1.0,1.0,1.0,1.0,0.0,0.06614294457030431,0.029518548872445743,-0.011412276955248405,0.02379807387899146,0.0,0.019462260282733714,-0.0036636593388789888,0.0008100502558857133,0.0070586596157323,0.02041174898220853,0.005024872692297698,"[0.03553291744516522, 1.3232182501035146, -0.9476119844664097, -0.0816995130453048, 1.4551473947175135, 1.0574563621002186, -0.11197127175611298, 1.563058739268382, 0.9555793853271397]"
prism3,134,/home/humanoid/Programs/hand/results/phase1/run_20260413_pollard_multiscene_500_run3/prism3/generated_mjcf/scene_prism3_tn0d0077p0d0195p0d0000_ip0d0054n0d0153p0d0047_mp0d0056p0d0160p0d0036.xml,prism_y0d0350,True,0.02,4.0,0.45,0.4,1.0,1.0,7.256301788227362,0.05388701036954793,6.0,0.0062305749654558784,0.22684249706132212,0.006132627370438152,0.0,1.0,1.0,1.0,1.0,1.0,1.0,0.0,0.10735768903610747,0.0782051939159382,-0.007742076707245167,0.019521734459900235,0.0,0.005380400973209519,-0.015320954689492202,0.004686405960974107,0.00560440286082812,0.016011727803561176,0.0036316851150580594,"[0.03553291744516522, 1.3232182501035146, -0.9476119844664097, -0.0816995130453048, 1.4551473947175135, 1.0574563621002186, -0.11197127175611298, 1.563058739268382, 0.9555793853271397]"
prism3,146,/home/humanoid/Programs/hand/results/phase1/run_20260413_pollard_multiscene_500_run3/prism3/generated_mjcf/scene_prism3_tn0d0100p0d0190p0d0000_in0d0019n0d0119p0d0000_mp0d0192p0d0113p0d0039.xml,prism_y0d0350,True,0.02,4.0,0.45,0.4,1.0,1.0,6.893844091127917,0.049303696497932606,5.0,0.0059591573279639196,0.026494858611764243,0.0004811903598769977,5.351625085894818e-05,1.0,1.0,1.0,1.0,1.0,1.0,0.0,0.011352185160880579,0.0020224410431638105,-0.010045906244288014,0.019006044700280358,0.0,-0.001910366479366826,-0.011895275575458145,0.0,0.019195229064207682,0.011320224616773731,0.0039041055259550206,"[0.03553291744516522, 1.3232182501035146, -0.9476119844664097, -0.0816995130453048, 1.4551473947175135, 1.0574563621002186, -0.11197127175611298, 1.563058739268382, 0.9555793853271397]"
prism3,186,/home/humanoid/Programs/hand/results/phase1/run_20260413_pollard_multiscene_500_run3/prism3/generated_mjcf/scene_prism3_tn0d0109p0d0266p0d0000_ip0d0208n0d0007p0d0025_mp0d0198p0d0119p0d0000.xml,prism_y0d0350,True,0.02,4.0,0.45,0.4,1.0,1.0,6.9117517492984595,0.05036572734517339,5.0,0.006145018808871927,0.03418216422617664,0.0005776094769940241,0.0,1.0,1.0,1.0,1.0,1.0,1.0,0.0,0.02620824181413713,0.00791489370967611,-0.01094530967303526,0.026622520374406416,0.0,0.02084817749367661,-0.0006692405604083445,0.0024633831944326275,0.019788114268166283,0.011869035729068184,0.0,"[0.03553291744516522, 1.3232182501035146, -0.9476119844664097, -0.0816995130453048, 1.4551473947175135, 1.0574563621002186, -0.11197127175611298, 1.563058739268382, 0.9555793853271397]"
prism3,198,/home/humanoid/Programs/hand/results/phase1/run_20260413_pollard_multiscene_500_run3/prism3/generated_mjcf/scene_prism3_tn0d0085p0d0275p0d0042_in0d0019n0d0060p0d0030_mp0d0208p0d0256p0d0000.xml,prism_y0d0350,True,0.02,4.0,0.45,0.4,1.0,1.0,6.501361013373912,0.04991096549088458,4.0,0.006045051246678478,0.05404352851387309,0.0007971247898014489,3.573594996618412e-05,1.0,1.0,1.0,1.0,1.0,1.0,0.0,0.018204963084575275,0.003819207627262918,-0.008474962952994883,0.027544844041051023,0.0042187069829906915,-0.001881759480586151,-0.006017930301457348,0.0030434827684328956,0.020751674831435835,0.025630698873934675,0.0,"[0.03553291744516522, 1.3232182501035146, -0.9476119844664097, -0.0816995130453048, 1.4551473947175135, 1.0574563621002186, -0.11197127175611298, 1.563058739268382, 0.9555793853271397]"
prism3,199,/home/humanoid/Programs/hand/results/phase1/run_20260413_pollard_multiscene_500_run3/prism3/generated_mjcf/scene_prism3_tn0d0093p0d0181p0d0000_ip0d0100n0d0183p0d0000_mn0d0005p0d0214p0d0000.xml,prism_y0d0350,True,0.02,4.0,0.45,0.4,1.0,1.0,7.201583326700567,0.053657509736695294,6.0,0.00620578961635862,0.11493837828037289,0.012216424701656138,0.0,1.0,1.0,1.0,1.0,1.0,1.0,0.0,0.13094506826652416,0.08506712326506553,-0.009332624553411184,0.01806849608943887,0.0,0.010000531041565066,-0.018317445898405317,0.0,-0.00046335726395006424,0.021357809487047297,0.0,"[0.03553291744516522, 1.3232182501035146, -0.9476119844664097, -0.0816995130453048, 1.4551473947175135, 1.0574563621002186, -0.11197127175611298, 1.563058739268382, 0.9555793853271397]"
prism3,201,/home/humanoid/Programs/hand/results/phase1/run_20260413_pollard_multiscene_500_run3/prism3/generated_mjcf/scene_prism3_tn0d0105p0d0214p0d0000_ip0d0083n0d0143p0d0000_mn0d0000p0d0174p0d0000.xml,prism_y0d0350,True,0.02,4.0,0.45,0.4,1.0,1.0,7.307527720728774,0.05388990535806575,6.0,0.006363581490071096,0.056388953106761786,0.006166370344984587,0.0,1.0,1.0,1.0,1.0,1.0,1.0,0.0,0.08314787766842908,0.0745747222380699,-0.010500790107284589,0.02140432770793027,0.0,0.008281450060615545,-0.014333063935340966,0.0,-3.0320783561186768e-05,0.017389064274110563,0.0,"[0.03553291744516522, 1.3232182501035146, -0.9476119844664097, -0.0816995130453048, 1.4551473947175135, 1.0574563621002186, -0.11197127175611298, 1.563058739268382, 0.9555793853271397]"
prism3,203,/home/humanoid/Programs/hand/results/phase1/run_20260413_pollard_multiscene_500_run3/prism3/generated_mjcf/scene_prism3_tn0d0101p0d0268p0d0017_in0d0001n0d0008p0d0000_mp0d0098p0d0040p0d0000.xml,prism_y0d0350,True,0.02,4.0,0.45,0.4,1.0,1.0,6.882821237469108,0.04997543507769824,5.0,0.006050854467696488,0.054345594409466895,0.0019355780054877785,0.0,1.0,1.0,1.0,1.0,1.0,1.0,0.0,0.028925351129856128,0.011053245981467638,-0.010071792123051598,0.026796554965191104,0.0017246215799356143,-0.00014392769721268718,-0.0008479304860448244,0.0,0.009809882367594778,0.004032230339763861,0.0,"[0.03553291744516522, 1.3232182501035146, -0.9476119844664097, -0.0816995130453048, 1.4551473947175135, 1.0574563621002186, -0.11197127175611298, 1.563058739268382, 0.9555793853271397]"
prism3,208,/home/humanoid/Programs/hand/results/phase1/run_20260413_pollard_multiscene_500_run3/prism3/generated_mjcf/scene_prism3_tn0d0075p0d0127p0d0000_ip0d0061n0d0017p0d0025_mp0d0189p0d0057p0d0000.xml,prism_y0d0350,True,0.02,4.0,0.45,0.4,1.0,1.0,6.503692911142808,0.04948394979237054,4.0,0.0059910800600345435,0.01448004921734437,0.000354804660238325,8.339583655848914e-05,1.0,1.0,1.0,1.0,1.0,1.0,0.0,0.009692251372574798,0.002538669429567412,-0.007541185456607181,0.012720330103871616,0.0,0.006068945183136646,-0.0017135969398752223,0.002520631410691936,0.018875773155536048,0.005666852414929724,0.0,"[0.03553291744516522, 1.3232182501035146, -0.9476119844664097, -0.0816995130453048, 1.4551473947175135, 1.0574563621002186, -0.11197127175611298, 1.563058739268382, 0.9555793853271397]"
prism3,228,/home/humanoid/Programs/hand/results/phase1/run_20260413_pollard_multiscene_500_run3/prism3/generated_mjcf/scene_prism3_tp0d0018p0d0170p0d0000_ip0d0032n0d0128p0d0000_mp0d0192p0d0047p0d0036.xml,prism_y0d0350,True,0.02,4.0,0.45,0.4,1.0,1.0,6.881979377621509,0.049759287382418305,5.0,0.005965312047022327,0.020580791587346374,0.001930639496584899,2.820471531449209e-05,1.0,1.0,1.0,1.0,1.0,1.0,0.0,0.028942709518330514,0.007425869698744795,0.0017785008989475558,0.017044118735223775,0.0,0.003186891827523349,-0.012818094553557719,0.0,0.01917602235967445,0.004697717154899158,0.0035502383157635774,"[0.03553291744516522, 1.3232182501035146, -0.9476119844664097, -0.0816995130453048, 1.4551473947175135, 1.0574563621002186, -0.11197127175611298, 1.563058739268382, 0.9555793853271397]"
prism3,231,/home/humanoid/Programs/hand/results/phase1/run_20260413_pollard_multiscene_500_run3/prism3/generated_mjcf/scene_prism3_tp0d0059p0d0199p0d0000_ip0d0193n0d0034p0d0000_mp0d0003p0d0115p0d0000.xml,prism_y0d0350,True,0.02,4.0,0.45,0.4,1.0,1.0,7.126304371747161,0.0503574913372596,6.0,0.006074158231646723,0.590354131079852,0.005437083698664698,0.0,1.0,1.0,1.0,1.0,1.0,1.0,0.0,0.08017274523772311,0.045422283003881514,0.005938507318874558,0.01993184206212525,0.0,0.019339198063758577,-0.003368889853459343,0.0,0.0002719119063459754,0.011528792962369609,0.0,"[0.03553291744516522, 1.3232182501035146, -0.9476119844664097, -0.0816995130453048, 1.4551473947175135, 1.0574563621002186, -0.11197127175611298, 1.563058739268382, 0.9555793853271397]"
prism3,232,/home/humanoid/Programs/hand/results/phase1/run_20260413_pollard_multiscene_500_run3/prism3/generated_mjcf/scene_prism3_tp0d0059p0d0233p0d0001_in0d0016n0d0011p0d0000_mp0d0107p0d0137p0d0000.xml,prism_y0d0350,True,0.02,4.0,0.45,0.4,1.0,1.0,6.897480756222485,0.049785071271674995,5.0,0.005905503213179691,0.029308165206071792,0.000872228152232824,2.909631942474289e-05,1.0,1.0,1.0,1.0,1.0,1.0,0.0,0.021222294717099133,0.003969375230551612,0.005876933990951735,0.023325437825919636,0.00012344175559970104,-0.001607011923027096,-0.0011137859434267924,0.0,0.010658788458287707,0.013659464988546774,0.0,"[0.03553291744516522, 1.3232182501035146, -0.9476119844664097, -0.0816995130453048, 1.4551473947175135, 1.0574563621002186, -0.11197127175611298, 1.563058739268382, 0.9555793853271397]"
prism3,236,/home/humanoid/Programs/hand/results/phase1/run_20260413_pollard_multiscene_500_run3/prism3/generated_mjcf/scene_prism3_tp0d0106p0d0174p0d0031_ip0d0022n0d0118p0d0000_mp0d0137p0d0106p0d0119.xml,prism_y0d0350,True,0.02,4.0,0.45,0.4,1.0,1.0,6.878724755322542,0.04987392164435066,5.0,0.005961935343133472,0.0770579232921309,0.0009320972357705636,5.640076055188348e-05,1.0,1.0,1.0,1.0,1.0,1.0,0.0,0.033783587990251336,0.0066539250362936215,0.010570503563294312,0.01742935650204407,0.0030783737719845897,0.0022113929704491346,-0.01179028890874476,0.0,0.013715263425300493,0.010640660788541539,0.011923749986019395,"[0.03553291744516522, 1.3232182501035146, -0.9476119844664097, -0.0816995130453048, 1.4551473947175135, 1.0574563621002186, -0.11197127175611298, 1.563058739268382, 0.9555793853271397]"
prism3,261,/home/humanoid/Programs/hand/results/phase1/run_20260413_pollard_multiscene_500_run3/prism3/generated_mjcf/scene_prism3_tn0d0026p0d0108p0d0000_ip0d0093n0d0210p0d0000_mp0d0215p0d0203p0d0054.xml,prism_y0d0350,True,0.02,4.0,0.45,0.4,1.0,1.0,6.837335184896624,0.0546893506767511,5.0,0.006014577738208578,0.06497348724336421,0.01246772498453908,0.0,1.0,1.0,1.0,1.0,1.0,1.0,0.0,0.1295661550885063,0.10128881046200476,-0.002559148442306267,0.010844582132139265,0.0,0.009274960074603024,-0.02103734073064305,0.0,0.021537173868519506,0.02026458374004725,0.005359570246667743,"[0.03553291744516522, 1.3232182501035146, -0.9476119844664097, -0.0816995130453048, 1.4551473947175135, 1.0574563621002186, -0.11197127175611298, 1.563058739268382, 0.9555793853271397]"
prism3,265,/home/humanoid/Programs/hand/results/phase1/run_20260413_pollard_multiscene_500_run3/prism3/generated_mjcf/scene_prism3_tp0d0104p0d0234p0d0093_ip0d0069n0d0004p0d0081_mp0d0154p0d0049p0d0096.xml,prism_y0d0350,True,0.02,4.0,0.45,0.4,1.0,1.0,6.476873219671891,0.049978647442613953,4.0,0.006139678306506546,0.021458822847599722,0.0026461369875432337,0.0,1.0,1.0,1.0,1.0,1.0,1.0,0.0,0.034920470266887514,0.012167937174597817,0.010405971119882437,0.023402318434891774,0.009318597065959895,0.006870174315362881,-0.0003758602573515988,0.008054351980537874,0.01539809898290241,0.004941483542359303,0.009625898391971525,"[0.03553291744516522, 1.3232182501035146, -0.9476119844664097, -0.0816995130453048, 1.4551473947175135, 1.0574563621002186, -0.11197127175611298, 1.563058739268382, 0.9555793853271397]"
prism3,270,/home/humanoid/Programs/hand/results/phase1/run_20260413_pollard_multiscene_500_run3/prism3/generated_mjcf/scene_prism3_tp0d0063p0d0244p0d0034_in0d0017n0d0047p0d0028_mp0d0126p0d0234p0d0000.xml,prism_y0d0350,True,0.02,4.0,0.45,0.4,1.0,1.0,6.482979401196235,0.04986720189697671,4.0,0.005975647580136978,0.06060438717816127,0.0014738189739841136,5.958792777205346e-06,1.0,1.0,1.0,1.0,1.0,1.0,0.0,0.028979717757354792,0.006873149692734282,0.006326404225126845,0.024413539928309608,0.0034358131538734186,-0.0016652041607701385,-0.004704614173634861,0.002849669393877664,0.012557523978918841,0.023357815300913888,0.0,"[0.03553291744516522, 1.3232182501035146, -0.9476119844664097, -0.0816995130453048, 1.4551473947175135, 1.0574563621002186, -0.11197127175611298, 1.563058739268382, 0.9555793853271397]"
prism3,290,/home/humanoid/Programs/hand/results/phase1/run_20260413_pollard_multiscene_500_run3/prism3/generated_mjcf/scene_prism3_tp0d0051p0d0082p0d0000_ip0d0193n0d0070p0d0000_mp0d0115p0d0182p0d0087.xml,prism_y0d0350,True,0.02,4.0,0.45,0.4,1.0,1.0,4.902717712867487,0.05573238134997055,5.0,0.0061908082670239575,0.6799680468347264,0.015657323917828883,0.0,1.0,1.0,0.4888888888888889,1.0,0.4888888888888889,0.4888888888888889,0.5111111111111111,0.14457048965465338,0.11004875532119711,0.005055008645931079,0.008185205435119115,0.0,0.01934739605709703,-0.006966878221227218,0.0,0.011454308082746533,0.01816028704682608,0.00872756449685435,"[0.03553291744516522, 1.3232182501035146, -0.9476119844664097, -0.0816995130453048, 1.4551473947175135, 1.0574563621002186, -0.11197127175611298, 1.563058739268382, 0.9555793853271397]"
prism3,325,/home/humanoid/Programs/hand/results/phase1/run_20260413_pollard_multiscene_500_run3/prism3/generated_mjcf/scene_prism3_tn0d0079p0d0285p0d0000_ip0d0173n0d0097p0d0000_mp0d0081p0d0227p0d0089.xml,prism_y0d0350,True,0.02,4.0,0.45,0.4,1.0,1.0,7.336189326969372,0.05207052289735059,6.0,0.006698977157427524,0.03919842776112192,0.0016848277267617004,0.0,1.0,1.0,1.0,1.0,1.0,1.0,0.0,0.037574599281679354,0.03863538063325226,-0.007900998183171592,0.028461975548615688,0.0,0.0173396267945565,-0.009702377578495812,0.0,0.008072663714616258,0.022662028751065037,0.00888291847390046,"[0.03553291744516522, 1.3232182501035146, -0.9476119844664097, -0.0816995130453048, 1.4551473947175135, 1.0574563621002186, -0.11197127175611298, 1.563058739268382, 0.9555793853271397]"
prism3,339,/home/humanoid/Programs/hand/results/phase1/run_20260413_pollard_multiscene_500_run3/prism3/generated_mjcf/scene_prism3_tn0d0075p0d0268p0d0000_ip0d0212n0d0117p0d0017_mp0d0169p0d0196p0d0087.xml,prism_y0d0350,True,0.02,4.0,0.45,0.4,1.0,1.0,7.314539842996236,0.05204454543961003,6.0,0.006488492337710892,0.022213199122615056,0.0022414051039552933,0.0,1.0,1.0,1.0,1.0,1.0,1.0,0.0,0.056850673304027925,0.04082235783708473,-0.007505012447623186,0.026817010391516204,0.0,0.021180726780211788,-0.011701865470623995,0.0017297003294388935,0.01690814857663346,0.019635980232701793,0.008694664916698357,"[0.03553291744516522, 1.3232182501035146, -0.9476119844664097, -0.0816995130453048, 1.4551473947175135, 1.0574563621002186, -0.11197127175611298, 1.563058739268382, 0.9555793853271397]"
prism3,373,/home/humanoid/Programs/hand/results/phase1/run_20260413_pollard_multiscene_500_run3/prism3/generated_mjcf/scene_prism3_tn0d0117p0d0102p0d0000_ip0d0216n0d0083p0d0034_mn0d0008p0d0137p0d0071.xml,prism_y0d0350,True,0.02,4.0,0.45,0.4,1.0,1.0,6.844611144690171,0.05004220540599383,5.0,0.006031395856546248,0.1562863911439308,0.0019302717922006747,0.0,1.0,1.0,1.0,1.0,1.0,1.0,0.0,0.0504860055067556,0.018585315749941156,-0.011721801351998734,0.010249897424361614,0.0,0.021571248344733958,-0.008281985314991391,0.003362224881755657,-0.0008025599165518201,0.013740737562206125,0.007120033040254055,"[0.03553291744516522, 1.3232182501035146, -0.9476119844664097, -0.0816995130453048, 1.4551473947175135, 1.0574563621002186, -0.11197127175611298, 1.563058739268382, 0.9555793853271397]"
prism3,375,/home/humanoid/Programs/hand/results/phase1/run_20260413_pollard_multiscene_500_run3/prism3/generated_mjcf/scene_prism3_tn0d0024p0d0249p0d0000_ip0d0189n0d0020p0d0086_mp0d0011p0d0101p0d0097.xml,prism_y0d0350,True,0.02,4.0,0.45,0.4,1.0,1.0,7.302892561098232,0.052830397633042224,6.0,0.00624896198967765,0.1315447291127339,0.0032095722312427246,0.0,1.0,1.0,1.0,1.0,1.0,1.0,0.0,0.06979910102050223,0.049770376608047485,-0.002364992455036838,0.02485474196775472,0.0,0.0189458288206348,-0.0020460735160279016,0.008558192589777455,0.0010822010446346324,0.010070902748129561,0.009711010137673462,"[0.03553291744516522, 1.3232182501035146, -0.9476119844664097, -0.0816995130453048, 1.4551473947175135, 1.0574563621002186, -0.11197127175611298, 1.563058739268382, 0.9555793853271397]"
prism3,390,/home/humanoid/Programs/hand/results/phase1/run_20260413_pollard_multiscene_500_run3/prism3/generated_mjcf/scene_prism3_tp0d0111p0d0091p0d0111_ip0d0003n0d0059p0d0000_mp0d0056p0d0107p0d0000.xml,prism_y0d0350,True,0.02,4.0,0.45,0.4,1.0,1.0,6.466928439439475,0.048472380911623106,4.0,0.00600663975778977,0.01082493107755128,0.0013567468063471685,0.0001327597786669743,1.0,1.0,1.0,1.0,1.0,1.0,0.0,0.0034475821449814225,0.005573385926106215,0.011086732584622856,0.009114061201632327,0.011143108779249625,0.00025073679208613593,-0.0059266445125180246,0.0,0.0055913408234708984,0.010650676511304417,0.0,"[0.03553291744516522, 1.3232182501035146, -0.9476119844664097, -0.0816995130453048, 1.4551473947175135, 1.0574563621002186, -0.11197127175611298, 1.563058739268382, 0.9555793853271397]"
prism3,408,/home/humanoid/Programs/hand/results/phase1/run_20260413_pollard_multiscene_500_run3/prism3/generated_mjcf/scene_prism3_tn0d0031p0d0175p0d0000_ip0d0080n0d0202p0d0000_mp0d0019p0d0207p0d0000.xml,prism_y0d0350,True,0.02,4.0,0.45,0.4,1.0,1.0,7.124870527666003,0.053214189118676425,6.0,0.0061423062550241304,0.18747976126533528,0.01766006592932304,0.0,1.0,1.0,1.0,1.0,1.0,1.0,0.0,0.142429509357868,0.09765921970803504,-0.0031305004524421823,0.017539118084760424,0.0,0.008034582351909472,-0.02018176662419567,0.0,0.0019428792417899906,0.020656344238335456,0.0,"[0.03553291744516522, 1.3232182501035146, -0.9476119844664097, -0.0816995130453048, 1.4551473947175135, 1.0574563621002186, -0.11197127175611298, 1.563058739268382, 0.9555793853271397]"
prism3,419,/home/humanoid/Programs/hand/results/phase1/run_20260413_pollard_multiscene_500_run3/prism3/generated_mjcf/scene_prism3_tn0d0041p0d0241p0d0000_ip0d0099n0d0077p0d0052_mp0d0009p0d0211p0d0000.xml,prism_y0d0350,True,0.02,4.0,0.45,0.4,1.0,1.0,7.269938551567142,0.05430524105560418,6.0,0.006257776645876197,0.041046467798456054,0.009028867924825972,0.0,1.0,1.0,1.0,1.0,1.0,1.0,0.0,0.11533267286566092,0.08513296300573396,-0.0041412976865153744,0.02409152225526526,0.0,0.009925318078709394,-0.0076590425951469,0.005194099965976872,0.0008881900785973618,0.021141476289865326,0.0,"[0.03553291744516522, 1.3232182501035146, -0.9476119844664097, -0.0816995130453048, 1.4551473947175135, 1.0574563621002186, -0.11197127175611298, 1.563058739268382, 0.9555793853271397]"
prism3,421,/home/humanoid/Programs/hand/results/phase1/run_20260413_pollard_multiscene_500_run3/prism3/generated_mjcf/scene_prism3_tp0d0031p0d0156p0d0000_ip0d0072n0d0037p0d0005_mp0d0046p0d0088p0d0005.xml,prism_y0d0350,True,0.02,4.0,0.45,0.4,1.0,1.0,6.4878009778363595,0.04991780913582028,4.0,0.006002575348523296,0.04370539812523105,0.0013544537358965774,2.205381317609001e-05,1.0,1.0,1.0,1.0,1.0,1.0,0.0,0.028556680216486777,0.00762666622308017,0.003101723536340091,0.015595989589606042,0.0,0.0072454315533282704,-0.003652126546145917,0.0005213155205137689,0.004554379635483783,0.008842974072948777,0.0005496837176906175,"[0.03553291744516522, 1.3232182501035146, -0.9476119844664097, -0.0816995130453048, 1.4551473947175135, 1.0574563621002186, -0.11197127175611298, 1.563058739268382, 0.9555793853271397]"
prism3,423,/home/humanoid/Programs/hand/results/phase1/run_20260413_pollard_multiscene_500_run3/prism3/generated_mjcf/scene_prism3_tp0d0012p0d0181p0d0075_ip0d0212n0d0045p0d0015_mp0d0201p0d0059p0d0019.xml,prism_y0d0350,True,0.02,4.0,0.45,0.4,1.0,1.0,6.471259537324643,0.04967486978822795,4.0,0.006137166746084585,0.0193123445579148,0.002461094944292314,0.0,1.0,1.0,1.0,1.0,1.0,1.0,0.0,0.03152947158635009,0.011787357670749732,0.001238563357003111,0.018056065507205808,0.007519693428228502,0.021206132398409232,-0.004470630085174411,0.001547317764403448,0.020053196267056254,0.005944634302786423,0.0019053686702290105,"[0.03553291744516522, 1.3232182501035146, -0.9476119844664097, -0.0816995130453048, 1.4551473947175135, 1.0574563621002186, -0.11197127175611298, 1.563058739268382, 0.9555793853271397]"
prism3,439,/home/humanoid/Programs/hand/results/phase1/run_20260413_pollard_multiscene_500_run3/prism3/generated_mjcf/scene_prism3_tp0d0041p0d0221p0d0000_ip0d0023n0d0110p0d0000_mp0d0163p0d0236p0d0038.xml,prism_y0d0350,True,0.02,4.0,0.45,0.4,1.0,1.0,6.471439589389926,0.04988655127753806,4.0,0.005959930387492786,0.0956569738576949,0.0011636583830430302,0.0,1.0,1.0,1.0,1.0,1.0,1.0,0.0,0.037110078457768335,0.00845853942847948,0.004055396234236862,0.02212583123867185,0.0,0.002321135574197007,-0.011019493156771299,0.0,0.016328507377646455,0.0235699176351113,0.0038354519921154837,"[0.03553291744516522, 1.3232182501035146, -0.9476119844664097, -0.0816995130453048, 1.4551473947175135, 1.0574563621002186, -0.11197127175611298, 1.563058739268382, 0.9555793853271397]"
prism3,440,/home/humanoid/Programs/hand/results/phase1/run_20260413_pollard_multiscene_500_run3/prism3/generated_mjcf/scene_prism3_tn0d0057p0d0197p0d0105_ip0d0083n0d0174p0d0070_mp0d0210p0d0172p0d0027.xml,prism_y0d0350,True,0.02,4.0,0.45,0.4,1.0,1.0,6.387998995309743,0.05312762485026405,4.0,0.006207116081054717,0.058424565287947434,0.013263478159417174,0.0,1.0,1.0,1.0,1.0,1.0,1.0,0.0,0.13806820814658813,0.06528176078221039,-0.0057197918777049635,0.019696955628222775,0.010458688009170419,0.008337152167123458,-0.01735205375378309,0.007023605683724916,0.02102385264600795,0.017152563023836435,0.002682832330421164,"[0.03553291744516522, 1.3232182501035146, -0.9476119844664097, -0.0816995130453048, 1.4551473947175135, 1.0574563621002186, -0.11197127175611298, 1.563058739268382, 0.9555793853271397]"
prism3,447,/home/humanoid/Programs/hand/results/phase1/run_20260413_pollard_multiscene_500_run3/prism3/generated_mjcf/scene_prism3_tn0d0090p0d0157p0d0000_ip0d0219n0d0157p0d0059_mp0d0063p0d0143p0d0034.xml,prism_y0d0350,True,0.02,4.0,0.45,0.4,1.0,1.0,7.325196648827796,0.052911353511989265,6.0,0.006341069859007402,0.06793506719261332,0.0021517559555567977,0.0,1.0,1.0,1.0,1.0,1.0,1.0,0.0,0.06636532104300974,0.049104935037140175,-0.00904278167422818,0.015719803582083764,0.0,0.02194357027748288,-0.01567893837806663,0.005854617823766374,0.006262715532870271,0.0143171905155444,0.00339523737421424,"[0.03553291744516522, 1.3232182501035146, -0.9476119844664097, -0.0816995130453048, 1.4551473947175135, 1.0574563621002186, -0.11197127175611298, 1.563058739268382, 0.9555793853271397]"
prism3,471,/home/humanoid/Programs/hand/results/phase1/run_20260413_pollard_multiscene_500_run3/prism3/generated_mjcf/scene_prism3_tp0d0030p0d0113p0d0000_ip0d0151n0d0021p0d0000_mp0d0216p0d0086p0d0000.xml,prism_y0d0350,True,0.02,4.0,0.45,0.4,1.0,1.0,6.465324021502138,0.04865506756116134,4.0,0.006056537522908919,0.010127897575783577,0.0029550365090422553,0.00010931943461546523,1.0,1.0,1.0,1.0,1.0,1.0,0.0,0.0011578441430257532,0.007542374087316635,0.003032211930165382,0.011261223420214555,0.0,0.015117565516981355,-0.0020649879170627477,0.0,0.021614954396179616,0.008557351577785258,0.0,"[0.03553291744516522, 1.3232182501035146, -0.9476119844664097, -0.0816995130453048, 1.4551473947175135, 1.0574563621002186, -0.11197127175611298, 1.563058739268382, 0.9555793853271397]"
prism3,488,/home/humanoid/Programs/hand/results/phase1/run_20260413_pollard_multiscene_500_run3/prism3/generated_mjcf/scene_prism3_tp0d0040p0d0252p0d0000_ip0d0175n0d0024p0d0099_mp0d0139p0d0140p0d0000.xml,prism_y0d0350,True,0.02,4.0,0.45,0.4,1.0,1.0,7.268138870824687,0.05326587972642181,6.0,0.006155882627570088,0.12867608769149233,0.005700861890891006,0.0,1.0,1.0,1.0,1.0,1.0,1.0,0.0,0.10072968054971736,0.05923777859229954,0.0040151865912417435,0.02517965433679476,0.0,0.017472318988795123,-0.0023861769190015748,0.009858527470894534,0.013947603886014506,0.014000716894325091,0.0,"[0.03553291744516522, 1.3232182501035146, -0.9476119844664097, -0.0816995130453048, 1.4551473947175135, 1.0574563621002186, -0.11197127175611298, 1.563058739268382, 0.9555793853271397]"
prism3,495,/home/humanoid/Programs/hand/results/phase1/run_20260413_pollard_multiscene_500_run3/prism3/generated_mjcf/scene_prism3_tp0d0045p0d0202p0d0000_ip0d0187n0d0027p0d0000_mp0d0092p0d0076p0d0019.xml,prism_y0d0350,True,0.02,4.0,0.45,0.4,1.0,1.0,6.841705253812118,0.04990157619179727,5.0,0.0060334409620219145,0.14195229075168905,0.0027690961808063065,0.0,1.0,1.0,1.0,1.0,1.0,1.0,0.0,0.0450154984092078,0.01972022373988891,0.004459944146623599,0.020157888414723962,0.0,0.018738071733546885,-0.002711925195349201,0.0,0.0092276115898702,0.0075653226688972225,0.0018619001808148194,"[0.03553291744516522, 1.3232182501035146, -0.9476119844664097, -0.0816995130453048, 1.4551473947175135, 1.0574563621002186, -0.11197127175611298, 1.563058739268382, 0.9555793853271397]"
